date, pm25, pm10, o3, no2, so2, co
2/1/2025,226,110,6,1,4,21
1/1/2025,278,88,6, ,4,12
1/2/2025,248,85,6, ,4,13
1/3/2025,195,75,6, ,5,12
1/4/2025,239,73,6, ,6,10
1/5/2025,303,73,6, ,6,11
1/6/2025,282,59,6, ,6,9
1/7/2025,239,68,6, ,4,8
1/8/2025,234,70,6, ,3,12
1/9/2025,198,67,6, ,2,11
1/10/2025,236,107,6, ,7,21
1/11/2025,268,87,6, ,4,11
1/12/2025,260,99,6, ,4,13
1/13/2025,297,108,6, ,5,14
1/14/2025,239,82,6, ,5,10
1/15/2025,243,76,6, ,5,10
1/16/2025,246,82,6, ,7,9
1/17/2025,243,72,6, ,8,10
1/18/2025,234,80,6, ,7,10
1/19/2025,195,87,6, ,7,12
1/20/2025,229,101,6,1,6,11
1/21/2025,298,105,6,1,6,12
1/22/2025,412,127,6, ,5,11
1/23/2025,295,287,6, ,5,8
1/24/2025,280,191,6,1,5,9
1/25/2025,274,135,6, ,5,11
1/26/2025,233,93,6, ,6,13
1/27/2025,277,96,6, ,6,13
1/28/2025,308,109,6,1,6,12
1/29/2025,375,104,6,1,6,10
1/30/2025,328,98,6,1,5,9
1/31/2025,193,70,6, ,5,6
10/1/2024,148,15, , , ,4
10/2/2024,135,3, , , ,3
10/3/2024,100,2, , , ,2
10/4/2024,115,5, , , ,3
10/5/2024,133,10, , , ,2
10/6/2024,117,26, , , ,5
10/7/2024,147,33, , , ,6
10/8/2024,123,36, , , ,6
10/9/2024,150,31, , , ,5
10/10/2024,141,38, , , ,5
10/11/2024,105,24, , , ,4
10/12/2024,154,18, , , ,3
10/13/2024,178,27,6, ,5,4
10/14/2024,176,36,6, ,4,5
10/15/2024,178,28,6, ,4,5
10/16/2024,228,43,6, ,4,6
10/17/2024,195,37,6, ,5,4
10/18/2024,166,35,6, ,5,4
10/19/2024,171,27,6, ,6,3
10/20/2024,162,31,6, ,5,4
10/21/2024,170,27,6, ,6,4
10/22/2024,151,29,6, ,5,4
10/23/2024,127, ,6, ,3,3
10/24/2024,57,8,6, ,2,2
10/25/2024,101,12,6, ,4,3
10/26/2024,143,26,6, ,6,6
10/27/2024,167,46,6, ,7,6
10/28/2024,161,51,6, ,7,6
10/29/2024,185,34,6, ,8,4
10/30/2024,180,23,6, ,6,3
10/31/2024,149,63,6, ,5,4
11/1/2024,175,51,6, ,6,5
11/2/2024,169,45,6, ,7,6
11/3/2024,170,41,6, ,7,6
11/4/2024,165,42,6, ,7,5
11/5/2024,152,45,6, ,6,6
11/6/2024,123,35,6, ,6,5
11/7/2024,145,21,6, ,5,5
11/8/2024,120, ,6, ,5,5
11/9/2024,96, ,6, ,6,6
11/10/2024,132, ,6, ,6,6
11/11/2024,131,36,6, ,7,6
11/12/2024,152,36,6, ,8,7
11/13/2024,156,43,6, ,8,7
11/14/2024,184,47,6, ,7,7
11/15/2024,199,46,6, ,8,7
11/16/2024,245,47,6, ,8,7
11/17/2024,220,45,6, ,8,7
11/18/2024,219,40,6, ,7,5
11/19/2024,190,35,6, ,7,4
11/20/2024,211,35,6, ,7,4
11/21/2024,212,37,6, ,6,5
11/22/2024,231,31,6, ,6,5
11/23/2024,200,38,6, ,5,5
11/24/2024,243,28,6, ,5,5
11/25/2024,258,50,6, ,5,7
11/26/2024,217,39,6, ,5,6
11/27/2024,221,39,6, ,4,5
11/28/2024,177,44,6, ,6,7
11/29/2024,158,42,6, ,6,5
11/30/2024,155,43,6, ,5,5
12/1/2024,177,56,6, ,3,6
12/2/2024,174,59,6, ,5,9
12/3/2024,181,58,6, ,6,9
12/4/2024,242,61,6, ,6,8
12/5/2024,297,75,6,1,5,9
12/6/2024,230,79,6, ,4,8
12/7/2024,224,70,6, ,4,9
12/8/2024,240,69,6, ,3,8
12/9/2024,285,69,6, ,3,8
12/10/2024,231,70,6, ,3,9
12/11/2024,232,69,6, ,3,9
12/12/2024,222,69,6, ,3,9
12/13/2024,235,65,6, ,4,9
12/14/2024,303,61,6, ,4,8
12/15/2024,252,63,6, ,4,8
12/16/2024,294,61,6, ,3,9
12/17/2024,268,47,6, ,3,6
12/18/2024,233,56,6, ,4,9
12/19/2024,333,93,6, ,4,12
12/20/2024,291,79,6, ,5,11
12/21/2024,300,73,6, ,4,10
12/22/2024,293,66,6, ,4,9
12/23/2024,261,66,6, ,5,10
12/24/2024,242,76,6, ,5,11
12/25/2024,244,76,6, ,4,10
12/26/2024,211,70,6, ,5,10
12/27/2024,192,71,6, ,4,11
12/28/2024,230,79,6, ,4,10
12/29/2024,244, , , , , 
7/1/2024,117, ,7, ,16,2
7/2/2024,126, ,7, ,17,3
7/3/2024,109, ,7, ,18,3
7/4/2024,102, ,7, ,17,3
7/5/2024,111, ,7, ,18,3
7/6/2024,99, ,7, ,18,3
7/7/2024,107, ,7, ,22,3
7/8/2024,98, ,7, ,22,2
7/9/2024,109, , , , , 
7/10/2024,100, ,7, ,22,2
7/11/2024,96, , , , , 
7/12/2024,111, , , , , 
7/13/2024,113, ,7, ,14,3
7/14/2024,110, ,7, ,12,2
7/15/2024,83, ,7, ,17,4
7/16/2024,88, ,7, ,20,2
7/17/2024,118, ,7, ,13,3
7/18/2024,108, ,7, ,18,2
7/22/2024,63, ,7, ,20,3
7/23/2024,56, ,7, ,19,3
7/24/2024,77, ,7, ,14,3
7/25/2024,93, ,7, ,12,5
7/26/2024,69, , , , , 
7/27/2024,68, , , , , 
7/28/2024,69, ,7, ,10,3
7/29/2024,82, ,7, ,9,3
7/30/2024,106, ,7, ,10,3
7/31/2024,114, ,7, ,9,4
8/1/2024,59, ,7, ,10,3
8/2/2024,104,20,7, ,11,3
8/3/2024,117,22,7, ,11,4
8/4/2024,103,29,7, ,15,4
8/5/2024,76,15,7, ,15,3
8/6/2024,77,15,7, ,12,3
8/7/2024,87,20,7, ,13,4
8/8/2024,89,10,7, ,10,3
8/9/2024,80,9,7, ,9,3
8/10/2024,108, ,6, ,5,3
8/11/2024,117, ,6, ,5,3
8/12/2024,128,9,7, ,8,3
8/13/2024,146,16,7, ,10,3
8/14/2024,115,54,7, ,10,4
8/15/2024,109,44,7, ,11,4
8/16/2024,76,16,7, ,8,4
8/17/2024,42, , , , , 
8/18/2024,64,20,7, ,14,4
8/19/2024,67,23,7, ,22,3
8/20/2024,101,17,7, ,17,4
8/21/2024,114,11,7, ,13,4
8/22/2024,122,12,7, ,14,4
8/23/2024,86,14, , , ,4
8/24/2024,83,7,6, ,5,3
8/25/2024,55, , , , , 
8/26/2024,92,8, , , ,2
8/27/2024,95,12, , , ,3
8/28/2024,122, , , , , 
8/29/2024,131,26, , , ,4
8/30/2024,105,24, , , ,4
8/31/2024,90,33, , , ,5
9/1/2024,99,31, , , ,5
9/2/2024,132,28, , , ,4
9/3/2024,118,32, , , ,4
9/4/2024,111,17, , , ,4
9/5/2024,126,15, , , ,4
9/6/2024,118,23, , , ,3
9/7/2024,157,56, , , ,3
9/8/2024,100,11, , , ,2
9/9/2024,82,18, , , ,4
9/10/2024,93,31, , , ,5
9/11/2024,126,17, , , ,4
9/12/2024,115, , , , , 
9/13/2024,55,75,7, ,14,4
9/14/2024,39,104,7, ,17,4
9/15/2024,61, , , , , 
9/16/2024,111,98,7, ,21,7
9/17/2024,136,110,7,1,24,9
9/18/2024,153,113,7, ,21,9
9/19/2024,154,82,7, ,18,6
9/20/2024,150, , , , , 
9/21/2024,103, ,7,1,18,10
9/22/2024,104, ,7,1,18,11
9/23/2024,174,65,7, ,15,9
9/24/2024,83,68,7, ,17,5
9/25/2024,76,25,7, ,14,3
9/26/2024,95, , , , , 
9/27/2024,108,55,7, ,15,3
9/28/2024,91, , , , , 
9/29/2024,106, , , , , 
9/30/2024,161,63,7, ,18,4
4/1/2024,149,39,7, ,17,4
4/2/2024,157,72,7, ,17,3
4/3/2024,154,73,7, ,20,5
4/4/2024,152,102,7, ,19,7
4/5/2024,158,203,7, ,19,3
4/6/2024,159,77,7, ,19,5
4/7/2024,159,47,6, ,14,4
4/8/2024,168,32,6, ,10,4
4/9/2024,190, ,6, ,8,4
4/10/2024,204, ,6, ,9,5
4/11/2024,170, ,6, ,11,5
4/12/2024,170, ,6, ,11,4
4/13/2024,184, ,6, ,16,3
4/14/2024,190, , , , , 
4/15/2024,192, ,7,1,22,6
4/16/2024,151, ,7,1,22,7
4/17/2024,157, ,6,1,29,3
4/18/2024,152, ,7, ,19,4
4/19/2024,150, ,6, ,15,3
4/20/2024,138, ,6, ,12,5
4/21/2024,134, ,6, ,12,3
4/22/2024,152, , , , , 
4/23/2024,152, ,7, ,20,5
4/24/2024,157, ,7, ,21,5
4/25/2024,165, ,7, ,26,5
4/26/2024,155, ,7, ,24,4
4/27/2024,151, ,7, ,18,3
4/28/2024,154, ,6, ,12,2
4/29/2024,156, ,6, ,12,3
4/30/2024,156, ,6, ,18,2
5/1/2024,131, ,6, ,14,4
5/2/2024,148, ,6, ,13,3
5/3/2024,162, ,6, ,13,4
5/4/2024,155, ,6, ,13,4
5/5/2024,130, ,6, ,16,6
5/6/2024,122, ,6, ,19,5
5/7/2024,141, ,6, ,20,5
5/8/2024,153, ,6, ,17,5
5/9/2024,171, ,7, ,17,6
5/10/2024,149, ,6, ,18,5
5/11/2024,130, ,6, ,17,5
5/12/2024,155, ,6, ,15,6
5/13/2024,187, ,6, ,14,4
5/14/2024,143, ,6, ,14,4
5/15/2024,153, ,6, ,13,3
5/16/2024,143, ,6, ,13,5
5/17/2024,133, ,6, ,12,4
5/18/2024,112, ,6, ,10,3
5/19/2024,165, ,6, ,13,3
5/20/2024,152, ,7, ,15,4
5/21/2024,169, ,7, ,19,4
5/22/2024,137, ,7, ,22,3
5/23/2024,185, ,7, ,21,4
5/24/2024,152, ,7, ,21,4
5/25/2024,143, ,7, ,20,4
5/27/2024,32, ,7, ,20,3
5/28/2024,84, ,7, ,18,3
5/29/2024,137, ,7, ,17,2
5/30/2024,134, , , , , 
5/31/2024,130,99,6, ,27,9
6/1/2024,125,106,6,1,26,10
6/2/2024,119,104,7, ,25,9
6/3/2024,102,92,6, ,27,9
6/4/2024,140,124,6, ,33,16
6/5/2024,142,105,6, ,26,10
6/6/2024,135,124,7, ,28,12
6/7/2024,161,123,7,1,25,10
6/8/2024,131,104,6,1,23,10
6/9/2024,120,125,6,1,25,11
6/10/2024,147,132,6,1,25,10
6/11/2024,146,156,7, ,27,15
6/12/2024,111,182,7,1,28,18
6/13/2024,119,175,7, ,34,17
6/14/2024,139,87,6, ,22,10
6/15/2024,131,117,6, ,24,12
6/16/2024,105,123,7, ,25,13
6/17/2024,97,138,7, ,26,15
6/18/2024,94,135,7, ,28,13
6/19/2024,70,106,7,1,24,9
6/20/2024,75,185,7,2,27,13
6/21/2024,113,203,7, ,28,17
6/22/2024,108,118,7,1,24,10
6/23/2024,127,141,7,1,28,13
6/24/2024,92,105,7,1,24,8
6/25/2024,96,115,7,1,24,10
6/26/2024,131,120,6, ,26,11
6/27/2024,96,125,7, ,28,14
6/28/2024,74,132,7,1,25,12
6/29/2024,102,96,7,1,26,8
6/30/2024,97,74,7, ,23,5
1/1/2024,249,96,7, ,23,7
1/2/2024,256,93,7, ,25,8
1/3/2024,225,80,7, ,24,6
1/4/2024,268,105,7, ,24,6
1/5/2024,226,93,7, ,25,8
1/6/2024,261,101,7,1,24,7
1/7/2024,218,128,7,2,25,10
1/8/2024,264,99,7,1,25,9
1/9/2024,265,115,7,1,26,11
1/10/2024,263,110,7,1,26,10
1/11/2024,258,111,7,2,26,9
1/12/2024,231,118,7,2,27,11
1/13/2024,212,140,7,4,30,13
1/14/2024,210,137,7,1,28,8
1/15/2024,221,87,7, ,28,9
1/16/2024,259,130,7,1,27,10
1/17/2024,259,122,7,3,30,10
1/18/2024,254,127,7,1,30,11
1/19/2024,262,115,7,1,28,7
1/20/2024,280,118,7, ,26,7
1/21/2024,293,143,7,1,26,11
1/22/2024,285,102,7, ,24,7
1/23/2024,321,104,7,1,25,6
1/24/2024,264,115,7,2,28,8
1/25/2024,347,100,7, ,24,4
1/26/2024,274,109,7,1,25,7
1/27/2024,248,124,7,1,28,5
1/28/2024,219,142,7,2,33,10
1/29/2024,238,98,7, ,31,6
1/30/2024,347,130,7,1,32,11
1/31/2024,272, ,7,2,29,8
2/1/2024,260,156,7,2,31,7
2/2/2024,192,188,7,1,29,5
2/3/2024,216,103,7,2,30,5
2/4/2024,276,111,7,2,30,6
2/5/2024,262,131,7,3,33,7
2/6/2024,213,146,7,3,31,10
2/7/2024,211,196,7,4,34,12
2/8/2024,191,158,7,3,31,11
2/9/2024,191,153,7,3,33,8
2/10/2024,231,153,7,1,34,6
2/11/2024,237,153,7, ,33,5
2/12/2024,244, , , , , 
2/13/2024,263,192,7,2,39,11
2/14/2024,297,162,7,2,39,12
2/15/2024,281,165,7,2,37,12
2/16/2024,215,134,7,1,30,11
2/17/2024,216,72,7, ,23,6
2/18/2024,296,65,7, ,25,6
2/19/2024,287,55,7, ,25,7
2/20/2024,213, , , , , 
2/21/2024,169, , , , , 
2/22/2024,161,55,6, ,15,10
2/23/2024,161,196,7,1,26,15
2/24/2024,172,97,7, ,19,7
2/25/2024,152,88,7, ,14,4
2/26/2024,161,13,6, ,16,2
2/27/2024,187,19,5, ,16,3
2/28/2024,285, , , , , 
2/29/2024,266,69,6, ,21,6
3/1/2024,186,93,6, ,22,8
3/2/2024,214,91,6, ,22,7
3/3/2024,223,81,6, ,23,7
3/4/2024,180,80,6, ,22,7
3/5/2024,171,77,6, ,20,6
3/6/2024,210,85,6, ,22,7
3/7/2024,185,80,6, ,21,7
3/8/2024,199,70,6, ,22,6
3/9/2024,213,59,6, ,20,5
3/10/2024,224,54,6, ,21,5
3/11/2024,215,49,6, ,20,4
3/12/2024,254,50,6, ,20,4
3/13/2024,167,65,6, ,21,6
3/14/2024,167,67,6, ,22,7
3/15/2024,204, , , , , 
3/16/2024,182,73,6, ,21,9
3/17/2024,173,71,6, ,23,7
3/18/2024,228,74,6, ,21,7
3/19/2024,209, , , , , 
3/20/2024,198,71,6, ,23,7
3/21/2024,144,80,6, ,21,9
3/22/2024,184,87,6, ,23,7
3/23/2024,185,98,6, ,23,9
3/24/2024,149,85,6, ,22,8
3/25/2024,169,85,6, ,24,9
3/26/2024,129, , , , , 
3/27/2024,184,76,6, ,23,8
3/28/2024,174, , , , , 
3/29/2024,184,92,6, ,21,8
3/30/2024,152,82,6, ,23,9
3/31/2024,125,87,6, ,22,9
10/1/2023,93,72,6, ,22,6
10/2/2023,97,77,6, ,24,6
10/3/2023,84, , , , , 
10/4/2023,85,86,6, ,22,8
10/5/2023,97,80,6, ,20,7
10/6/2023,115,95,6, ,26,10
10/7/2023,147,92,6, ,23,8
10/8/2023,132,93,6, ,23,10
10/9/2023,159,92,6, ,24,9
10/10/2023,177, , , , , 
10/11/2023,196,36,6, ,17,4
10/12/2023,183,59,6, ,20,5
10/13/2023,170,86,6, ,19,6
10/14/2023,180,101,6, ,20,9
10/15/2023,197,92,6, ,19,10
10/16/2023,178, , , , , 
10/17/2023,199,113,6, ,22,12
10/18/2023,190,90,6, ,20,8
10/19/2023,170,87,6, ,20,9
10/20/2023,155,93,6, ,20,9
10/21/2023,153,99,6, ,22,11
10/22/2023,157,86,6, ,19,9
10/23/2023,154,93,6, ,27,11
10/24/2023,92,83,6, ,24,8
10/25/2023,132,79,6, ,23,6
10/26/2023,153,76,6, ,22,6
10/27/2023,158,67,6, ,24,6
10/28/2023,160,94,6, ,27,10
10/29/2023,166,94,6, ,27,10
10/30/2023,176,93,6, ,28,9
10/31/2023,181,98,7, ,26,9
11/1/2023,171,83,6, ,26,8
11/2/2023,169,101,6, ,30,11
11/3/2023,175,121,6, ,28,13
11/4/2023,167,31,6, ,18,4
11/5/2023,181,45,6, ,19,5
11/6/2023,173,43,6, ,19,4
11/7/2023,171,45,6, ,21,4
11/8/2023,178,37,6, ,20,5
11/9/2023,189,35,6, ,19,4
11/10/2023,200,35,6, ,20,3
11/11/2023,172,41,6, ,21,3
11/12/2023,190,36,7, ,21,3
11/13/2023,180,47,7, ,21,3
11/14/2023,183,42,6, ,20,4
11/15/2023,172,47,7, ,20,4
11/16/2023,112,35,7, ,20,3
11/17/2023,61,40,7, ,21,4
11/18/2023,89,39,7, ,21,3
11/19/2023,140,14,7, ,19,2
11/20/2023,155,38,7, ,20,4
11/21/2023,185,56,7, ,25,4
11/22/2023,229,42,6, ,23,5
11/23/2023,245,26,6, ,19,4
11/24/2023,257,44,6, ,21,5
11/25/2023,225,40,6, ,20,4
11/26/2023,204,47,6, ,21,4
11/27/2023,160,47,6, ,22,4
11/28/2023,192,49,6, ,22,4
11/29/2023,195,36,6, ,22,3
11/30/2023,153,36,7, ,25,3
12/1/2023,181,30,7, ,26,3
12/2/2023,179,27,7, ,25,2
12/3/2023,174,37,7, ,28,3
12/4/2023,176,37,7, ,30,3
12/5/2023,192,30,7, ,29,3
12/6/2023,178,21,7, ,26,3
12/7/2023,143,17,7, ,23,3
12/8/2023,109,36,7, ,25,3
12/9/2023,184,29,7, ,22,3
12/10/2023,236,20,7, ,26,3
12/11/2023,275,17,7, ,23,3
12/12/2023,238,37,7, ,24,3
12/13/2023,289,65,6, ,24,4
12/14/2023,293,64,7, ,29,4
12/15/2023,281,57,7, ,28,3
12/16/2023,240,35,7, ,25,3
12/17/2023,235,48,7, ,28,4
12/18/2023,235,51,7, ,28,3
12/19/2023,241,56,7, ,31,3
12/20/2023,228,54,7, ,31,4
12/21/2023,226,34,7, ,30,3
12/22/2023,247,34,7, ,26,3
12/23/2023,263,34,7, ,27,3
12/24/2023,242,51,7, ,28,3
12/25/2023,259,41,7, ,25,3
12/26/2023,263,33,7, ,24,4
12/27/2023,281,33,7, ,23,5
12/28/2023,223,32,7, ,25,3
12/29/2023,243,18,7, ,23,3
12/30/2023,205,34,7, ,24,4
12/31/2023,241,48,7, ,24,3
7/1/2023,70,62,7, ,27,3
7/2/2023,82,90,7, ,30,5
7/3/2023,99,94,7, ,34,6
7/4/2023,80,128,7, ,27,6
7/5/2023,68,83,7, ,25,6
7/6/2023,81,88,7, ,28,6
7/7/2023,81,59,7, ,28,5
7/8/2023,83,61,7, ,28,4
7/9/2023,114,59,7, ,27,5
7/10/2023,99,41,7, ,28,4
7/11/2023,87,30,7, ,22,4
7/12/2023,76,48,7, ,19,5
7/13/2023,106, , , , , 
7/14/2023,102,45,6, ,22,4
7/15/2023,88,38,6, ,26,4
7/16/2023,100,57,6, ,23,5
7/17/2023,99,52,7, ,28,3
7/18/2023,98,76,7, ,26,7
7/19/2023,91, , , , , 
7/20/2023,88,45,6, ,22,4
7/21/2023,84,65,6, ,22,6
7/22/2023,102,87,6, ,23,8
7/23/2023,103, , , , , 
7/24/2023,105,40,11, ,10,3
7/25/2023,87,45,7, ,10,3
7/26/2023,78,75,8, ,11,5
7/27/2023,101,57,9, ,11,4
7/28/2023,96,77,10, ,13,8
7/29/2023,100, ,13,1,14,11
7/30/2023,112,294,19,2,16,11
7/31/2023,116,173,14, ,17,12
8/1/2023,86,136,15,1,16,10
8/2/2023,66,148,14,1,18,12
8/3/2023,102,142,16,1,18,12
8/4/2023,128,152,13,1,20,13
8/5/2023,106,158,14,1,22,13
8/6/2023,122,197,12, ,21,10
8/7/2023,134,101,10, ,20,7
8/8/2023,124,152,11, ,20,6
8/9/2023,136,79,8, ,15,4
8/10/2023,166,53,8, ,13,4
8/11/2023,155,32,8, ,12,4
8/12/2023,147,67,8, ,14,6
8/13/2023,127,78,10, ,16,5
8/14/2023,155,60,9, ,16,5
8/15/2023,162,60,10, ,16,5
8/16/2023,166,46,8, ,14,4
8/17/2023,129,47,8, ,14,3
8/18/2023,83,47,9, ,15,4
8/19/2023,98,64,10, ,17,4
8/20/2023,126,67,9, ,15,5
8/21/2023,124,61,9, ,15,5
8/22/2023,103,75,9, ,17,5
8/23/2023,106,116,11, ,19,5
8/24/2023,120,76,10, ,17,4
8/25/2023,112,61,9, ,16,4
8/26/2023,114,58,10, ,17,4
8/27/2023,146,83,10, ,19,6
8/28/2023,158,70,10, ,19,5
8/29/2023,170,105,10, ,18,5
8/30/2023,183,76,10, ,18,5
8/31/2023,197,99,10, ,18,7
9/1/2023,163,54,8, ,18,4
9/2/2023,169,31,6, ,15,4
9/3/2023,125,33,6, ,13,4
9/4/2023,119,36,5, ,14,5
9/5/2023,131,53,5, ,15,5
9/6/2023,107, , , , , 
9/7/2023,82,49,5, ,14,3
9/8/2023,86,52,6, ,15,4
9/9/2023,132,92,6, ,18,6
9/10/2023,144,39,6, ,16,4
9/11/2023,137,45,6, ,16,5
9/12/2023,120,35,6, ,15,3
9/13/2023,94,66,7,1,20,5
9/14/2023,69,79,7, ,23,6
9/15/2023,112,83,7,1,24,6
9/16/2023,132,79,7,1,25,6
9/17/2023,128,91,7,1,25,6
9/18/2023,105,91,7,1,26,6
9/19/2023,65,69,7, ,24,4
9/20/2023,81,75,7, ,25,5
9/21/2023,96,83,7,1,26,6
9/22/2023,84,76,7, ,26,6
9/23/2023,105,72,7, ,25,7
9/24/2023,102,37,7, ,18,4
9/25/2023,108,24,7, ,16,4
9/26/2023,142,11,7, ,14,3
9/27/2023,147,23,7, ,15,4
9/28/2023,148,44,7, ,19,4
9/29/2023,117,38,7, ,23,4
9/30/2023,95,25,7, ,18,3
4/1/2023,134,18,7, ,17,2
4/2/2023,153,14,6, ,16,2
4/3/2023,159,11,6, ,16,2
4/4/2023,165,13,6, ,17,3
4/5/2023,144,25,7, ,18,3
4/6/2023,164,27,7, ,19,3
4/7/2023,188,31,6, ,18,4
4/8/2023,229,50,6, ,18,5
4/9/2023,206,56,6, ,18,5
4/10/2023,257, , , , , 
4/11/2023,282,27,6, ,19,3
4/12/2023,223,33,6, ,19,3
4/13/2023,213,36,6, ,19,3
4/14/2023,191,45,6, ,16,3
4/15/2023,240,119,6, ,12,12
4/16/2023,232,124,6, ,12,13
4/17/2023,169,115,6, ,12,12
4/18/2023,174,121,6, ,12,13
4/19/2023,166,133,6, ,14,14
4/20/2023,159,137,6, ,14,13
4/21/2023,147,140,6, ,14,14
4/22/2023,139,145,6, ,14,14
4/23/2023,131,143,6, ,14,14
4/24/2023,118,161,6, ,14,14
4/25/2023,136,169,6,1,15,15
4/26/2023,163,185,6,1,15,15
4/27/2023,159,200,6, ,16,18
4/28/2023,135,177,6,1,15,15
4/29/2023,162,160,6, ,14,12
4/30/2023,151,172,6,1,15,12
5/1/2023,132,188,6, ,18,17
5/2/2023,153,184,6, ,17,15
5/3/2023,150,163,6, ,15,14
5/4/2023,129,171,6, ,16,14
5/5/2023,131,151,6, ,15,13
5/6/2023,145,157,6, ,14,13
5/7/2023,152,237,6, ,15,14
5/8/2023,163,152,6,1,16,14
5/9/2023,175,154,6, ,16,14
5/10/2023,162,144,7, ,15,12
5/11/2023,147,158,7, ,15,13
5/12/2023,181,143,6, ,17,16
5/13/2023,168,163,6, ,18,15
5/14/2023,113,149,6, ,13,10
5/15/2023,95,144,6,1,14,12
5/16/2023,151,140,6, ,13,10
5/17/2023,152,140,6,1,13,10
5/18/2023,140, ,6,2,12,10
5/19/2023,153, ,6, ,9,6
5/20/2023,140, ,6, ,8,5
5/21/2023,138,82,7, ,8,5
5/22/2023,141,79,6, ,8,5
5/23/2023,129,106,6, ,8,8
5/24/2023,149,146,6,1,8,8
5/25/2023,150,146,6,1,9,11
5/26/2023,123,150,6,1,10,12
5/27/2023,140,135,7,1,11,11
5/28/2023,161,142,7,1,11,13
5/29/2023,171,176,6,3,11,13
5/30/2023,176,190,6,2,11,13
5/31/2023,174,175,6,2,11,13
6/1/2023,160,141,6, ,11,12
6/2/2023,158,136,6, ,10,9
6/3/2023,156,59,6, ,9,5
6/4/2023,158,61,6, ,8,4
6/5/2023,160,100,6, ,9,5
6/6/2023,166,96,6, ,10,8
6/7/2023,170,110,6,2,11,7
6/8/2023,160,121,6, ,10,8
6/9/2023,148,68,6, ,9,6
6/10/2023,141, ,6, ,10,12
6/11/2023,139, ,6, ,9,10
6/12/2023,154, ,6,1,10,12
6/13/2023,160, ,6, ,10,13
6/14/2023,148,300,6,1,11,9
6/15/2023,128,107,6, ,13,7
6/16/2023,123,98,6, ,13,7
6/17/2023,110,140,6,1,16,11
6/18/2023,129,136,6,1,14,11
6/19/2023,129,161,6,1,13,13
6/20/2023,136,134,6,1,12,10
6/21/2023,129,123,7, ,13,10
6/22/2023,117,152,7,2,14,12
6/23/2023,110,75,6, ,10,6
6/24/2023,89,92,6, ,9,4
6/25/2023,91,71,6, ,9,5
6/26/2023,82,70,6, ,10,5
6/27/2023,79,53,6, ,9,5
6/28/2023,75,37,6, ,8,4
6/29/2023,72,38,7, ,9,4
6/30/2023,62,50,6, ,9,4
1/2/2023,249,64,6, ,10,4
1/3/2023,267,42,6, ,9,4
1/4/2023,226,76,6, ,9,4
1/5/2023,276,73,6, ,10,5
1/6/2023,274,130,6,2,11,5
1/7/2023,272,155,6,1,11,6
1/8/2023,326,77,6, ,10,3
1/9/2023,292,74,6, ,11,4
1/10/2023,244,69,6, ,11,4
1/11/2023,272, , , , , 
1/12/2023,301,68,6, ,12,6
1/13/2023,404,18,5, ,8,3
1/14/2023,296,23,6, ,8,4
1/15/2023,241,40,6, ,9,4
1/16/2023,234,35,6,1,9,3
1/17/2023,240,43,6,1,10,3
1/18/2023,261,39,7,1,10,3
1/19/2023,265,35,6, ,8,3
1/20/2023,283,46,6,1,9,4
1/21/2023,304,44,6,1,9,6
1/22/2023,338,37,6,1,8,6
1/23/2023,354,37,6, ,8,6
1/24/2023,268,54,6,1,10,6
1/25/2023,306,72,6, ,12,7
1/26/2023,361,69,6, ,11,6
1/27/2023,297, , , , , 
1/28/2023,221, , , , , 
1/29/2023,249,62,6, ,10,7
1/30/2023,304,58,5, ,12,8
1/31/2023,304, ,6, ,9,6
2/1/2023,201,58,6, ,9,7
2/2/2023,181,54,6, ,10,6
2/3/2023,203,60,6, ,10,7
2/4/2023,228,53,6, ,10,6
2/5/2023,264,73,6, ,8,6
2/6/2023,277,63,6, ,7,6
2/7/2023,247,66,6, ,8,7
2/8/2023,206,72,6, ,8,8
2/9/2023,282,75,7, ,8,7
2/10/2023,221,68,6, ,8,7
2/11/2023,312,68,6, ,8,7
2/12/2023,199,74,6, ,9,9
2/13/2023,166, ,6, ,12,10
2/14/2023,175, ,6, ,8,8
2/15/2023,210,83,6, ,9,8
2/16/2023,270,80,6, ,9,7
2/17/2023,327,86,6, ,10,9
2/18/2023,320,80,6, ,9,8
2/19/2023,233,70,6, ,8,6
2/20/2023,229,72,6, ,7,7
2/21/2023,201,66,6, ,6,6
2/22/2023,171,75,6, ,8,7
2/23/2023,166,92,6, ,11,10
2/24/2023,186,92,6, ,9,10
2/25/2023,175, , , , , 
2/26/2023,201,78,6, ,9,8
2/27/2023,226,82,6, ,8,7
2/28/2023,206,75,6, ,8,7
3/1/2023,225,71,6, ,10,7
3/2/2023,270,72,6, ,8,7
3/3/2023,265,85,6, ,10,9
3/4/2023,271,87,6, ,11,10
3/5/2023,255,91,6, ,11,11
3/6/2023,201,81,6, ,9,8
3/7/2023,229,87,6, ,10,10
3/8/2023,181,99,6, ,12,12
3/9/2023,196,99,6, ,12,11
3/10/2023,199,97,6, ,11,10
3/11/2023,215,98,6, ,10,10
3/12/2023,188,107,6,1,12,11
3/13/2023,184,102,6, ,11,10
3/14/2023,218,102,6,1,12,11
3/15/2023,184,115,6, ,14,12
3/16/2023,193,116,6,1,15,13
3/17/2023,222,121,6,1,14,13
3/18/2023,175,118,6, ,14,12
3/19/2023,168,111,6, ,13,12
3/20/2023,138, , , , , 
3/21/2023,152,115,6,1,13,11
3/22/2023,161,120,6,1,12,14
3/23/2023,153,118,6,2,11,12
3/24/2023,194,133,6,1,13,13
3/25/2023,186,119,6, ,11,14
3/26/2023,173, , , , , 
3/27/2023,151,138,6,1,11,11
3/28/2023,193,101,6, ,7,6
3/29/2023,169,107,6, ,11,11
3/30/2023,167,123,6, ,12,13
3/31/2023,134,169,6,1,14,17
10/1/2022,157,188,6, ,15,19
10/2/2022,117,117,6, ,12,13
10/3/2022,107,46,6, ,9,4
10/4/2022,97,48,6, ,9,4
10/5/2022,88,46,6,1,10,4
10/6/2022,115,52,7,1,10,4
10/7/2022,175,34,7, ,10,4
10/8/2022,137,28,6, ,10,3
10/9/2022,106,41,7,1,10,4
10/10/2022,82,27,8, ,10,4
10/11/2022,71,34,7, ,10,4
10/12/2022,88,39,6, ,10,4
10/13/2022,125,30,6, ,11,3
10/14/2022,158,36,6, ,11,4
10/15/2022,133,12,7, ,10,3
10/16/2022,153, , , , , 
10/17/2022,162,30,6, ,9,3
10/18/2022,158,36,7, ,10,3
10/19/2022,143,33,6, ,12,3
10/20/2022,153,45,5, ,13,3
10/21/2022,134,16,6, ,11,3
10/22/2022,128,17,6, ,11,2
10/23/2022,162,38,6, ,12,3
10/24/2022,79,24,5, ,11,3
10/25/2022,85,36,5, ,12,5
10/26/2022,159,35,5, ,11,3
10/27/2022,163,44,5, ,12,3
10/28/2022,171,40,6, ,12,4
10/29/2022,162,63,6,1,14,4
10/30/2022,159,46,6,1,13,4
10/31/2022,168,30,6,1,11,4
11/1/2022,157,31,6, ,11,5
11/2/2022,155,44,21, ,12,5
11/3/2022,160,36,5, ,12,4
11/4/2022,182,62,6, ,12,5
11/5/2022,179,59,8, ,13,4
11/6/2022,167,43,5, ,13,3
11/7/2022,174,44,6, ,13,3
11/8/2022,164,19,6, ,13,3
11/9/2022,127,48,6, ,14,4
11/10/2022,126,23,5, ,12,3
11/11/2022,139,44,6, ,14,3
11/12/2022,175,39,6, ,14,3
11/13/2022,233,61,7, ,13,3
11/14/2022,190,17,6, ,11,3
11/15/2022,177,56,7,1,15,5
11/16/2022,168,56,7, ,16,4
11/17/2022,185,45,6, ,13,3
11/18/2022,209,58,7, ,12,4
11/19/2022,176,43,6, ,12,3
11/20/2022,182,48,6, ,13,3
11/21/2022,172,44,6, ,13,2
11/22/2022,206,51,7,1,13,3
11/23/2022,203,69,6,2,12,5
11/24/2022,199,58,6, ,11,3
11/25/2022,183,49,6,1,12,3
11/26/2022,177,49,6,1,12,3
11/27/2022,167,53,6,1,11,4
11/28/2022,173,55,5, ,11,6
11/29/2022,195,81,5,1,11,7
11/30/2022,195,57,6,1,12,5
12/1/2022,183,48,7, ,11,4
12/2/2022,177,60,6,1,11,4
12/3/2022,192,55,6, ,13,4
12/4/2022,206,44,6, ,12,4
12/5/2022,203,36,6, ,12,3
12/6/2022,187,47,6, ,12,4
12/7/2022,194,35,7, ,12,3
12/8/2022,211,63,7, ,12,4
12/9/2022,203,38,5, ,11,4
12/10/2022,176,17,5, ,10,4
12/11/2022,197,42,5, ,11,4
12/12/2022,225,62,5,1,12,4
12/13/2022,281,71,6,1,12,4
12/14/2022,355,62,6, ,13,5
12/15/2022,311,64,6, ,13,5
12/16/2022,295,70,6, ,12,5
12/17/2022,265,46,6, ,10,4
12/18/2022,295,49,5, ,10,4
12/19/2022,282,51,6,1,10,4
12/20/2022,261,64,6,1,10,5
12/21/2022,273,67,6,1,9,5
12/22/2022,275,51,6, ,8,3
12/23/2022,233,40,6, ,9,4
12/24/2022,219,75,7, ,12,6
12/25/2022,377,60,8, ,11,4
12/26/2022,290,61,7, ,11,4
12/27/2022,289,66,6, ,11,5
12/28/2022,250,75,7, ,13,6
12/29/2022,281,22,5, ,3,4
12/30/2022,267,41,5, ,3,5
12/31/2022,284,43,5, ,3,6
1/1/2023,239,25,5, ,3,5
7/1/2022,119,35,5, ,3,4
7/2/2022,108,36,6, ,3,4
7/3/2022,114,62,6, ,3,4
7/4/2022,133,35,5, ,3,5
7/5/2022,140,31,6, ,3,4
7/6/2022,102,24,5, ,3,4
7/7/2022,123,48,6, ,3,7
7/8/2022,105,40,6, ,3,5
7/9/2022,96,40,6,1,4,5
7/10/2022,77,54,8, ,4,5
7/11/2022,80,58,9, ,4,4
7/12/2022,85,53,10, ,4,5
7/13/2022,84,28,7, ,4,3
7/14/2022,89,43,7, ,4,5
7/15/2022,95,42,6,1,4,6
7/16/2022,74,55,7,1,5,6
7/18/2022,106,70,7,1,5,6
7/19/2022,100,52,6,1,5,7
7/20/2022,128,150,8, ,5,5
7/21/2022,132,57,7, ,5,4
7/22/2022,115,59,8, ,5,4
7/23/2022,117,37,8, ,5,4
7/24/2022,111,33,8, ,5,4
8/2/2022,186,48,8, ,5,4
8/3/2022,149,31,6, ,5,4
8/4/2022,125,31,8, ,5,4
8/5/2022,118,34,6, ,5,5
8/6/2022,94,53,7, ,5,4
8/7/2022,80,28,7, ,5,3
8/8/2022,69,31,8, ,7,4
8/9/2022,64,59,7,1,9,6
8/10/2022,67,67,7,1,10,7
8/11/2022,71,62,9,1,9,6
8/12/2022,91,52,11, ,9,4
8/13/2022,90,37,8, ,8,4
8/14/2022,67,33,7, ,8,4
8/15/2022,103,45,8, ,8,4
8/16/2022,104,19,5,1,7,4
8/17/2022,145,30,6,1,8,5
8/18/2022,127,19,6, ,7,3
8/19/2022,78,23,7, ,7,4
8/20/2022,86,34,6,1,8,5
8/21/2022,112,30,9,1,7,4
8/22/2022,123,30,6,1,7,4
8/23/2022,120,20,8, ,6,3
8/24/2022,88,21,6, ,6,3
8/25/2022,128,41,6, ,8,5
8/26/2022,111,56,7,1,9,5
8/27/2022,118,67,8,1,10,6
8/28/2022,101,55,6,2,9,7
8/29/2022,97,61,8,1,10,6
8/30/2022,98,66,9,1,10,6
8/31/2022,94,77,9,1,10,6
9/1/2022,83,62,9, ,10,5
9/2/2022,86,64,8,1,10,5
9/3/2022,101,56,10,2,13,9
9/4/2022,125,57,10, ,10,7
9/5/2022,112,49,6, ,9,6
9/6/2022,118,48,6,1,6,5
9/7/2022,99,43,6, ,6,6
9/8/2022,158,36,6, ,7,5
9/9/2022,114,31,6, ,5,6
9/10/2022,116,49,8, ,7,5
9/11/2022,67,54,8,1,7,6
9/12/2022,87,41,6,1,7,6
9/13/2022,100,47,6,1,7,7
9/14/2022,97,51,7, ,7,6
9/15/2022,104,29,7,1,6,5
9/16/2022,119,27,6, ,6,5
9/17/2022,152,17,7, ,6,4
9/18/2022,168,24,7,1,6,5
9/19/2022,109,16,6,1,6,5
9/20/2022,75,20,6, ,6,4
9/21/2022,111,19,5, ,6,5
9/22/2022,122,29,7, ,6,5
9/23/2022,111,45,7,1,7,6
9/24/2022,125,51,7, ,8,6
9/25/2022,132,56,6,1,8,5
9/26/2022,143,35,6, ,9,3
9/27/2022,159,33,6, ,9,3
9/28/2022,184,29,6, ,9,3
9/29/2022,170,25,6, ,9,3
9/30/2022,156,35,6, ,9,4
4/1/2022,146,33,4,1,8,4
4/2/2022,163,37,5, ,8,5
4/3/2022,149,49,6, ,8,5
4/4/2022,128,32,6, ,8,4
4/5/2022,142,113, ,1,11,12
4/6/2022,141,102, ,1,9,10
4/7/2022,151,103, , ,9,10
4/8/2022,148,105, ,1,9,11
4/9/2022,126,109, , ,9,10
4/10/2022,137,121, , ,10,12
4/11/2022,147,120,3, ,10,12
4/12/2022,139,122,1,1,10,11
4/13/2022,130,126,2, ,7,7
4/14/2022,136,64,2,1,8,8
4/15/2022,128,96,3, ,12,12
4/16/2022,139,79,5, ,13,9
4/17/2022,139,85,4, ,15,9
4/18/2022,137,86,3,1,14,8
4/19/2022,143,87,3,1,14,9
4/20/2022,124,88,3,2,14,8
4/21/2022,158,89,3,1,12,5
4/22/2022,144,58,4,1,12,5
4/23/2022,168,88,4,2,14,7
4/24/2022,150,79,4,1,13,7
4/25/2022,154,76,7,1,11,5
4/26/2022,158,77,44,1,13,7
4/27/2022,161,108,11,1,14,7
4/28/2022,164,71,110,2,11,5
4/29/2022,159,92,5,2,11,5
4/30/2022,146,123,4,3,16,11
5/1/2022,157,125,7,2,16,11
5/2/2022,129,100,6,3,12,8
5/3/2022,129,105,7,3,13,6
5/4/2022,118,60,7,2,9,4
5/5/2022,116,83,3,2,12,7
5/6/2022,132,64,5,2,10,4
5/7/2022,167,37,5,1,10,4
5/8/2022,177,65,7,1,11,6
5/9/2022,139,104,5,1,15,11
5/10/2022,120,97,4,2,9,8
5/11/2022,137,94,5,1,10,9
5/12/2022,143,104,6,3,9,8
5/13/2022,161,114,4,2,8,10
5/16/2022,125,90,12,2,8,7
5/17/2022,115,94,12,1,9,7
5/18/2022,102,83,13,1,8,7
5/19/2022,118,97,21,1,9,9
5/20/2022,134,101,10,2,10,9
5/21/2022,139,112,7,3,10,10
5/22/2022,155,120,9,3,10,10
5/23/2022,148,108,8,3,9,6
5/24/2022,161,84,11,3,9,4
5/25/2022,167,83,4,1,8,6
5/26/2022,163,89,6,1,10,5
5/27/2022,164,58,6,1,9,2
5/28/2022,167,61,12,1,9,5
5/29/2022,173,97,5,1,10,7
5/30/2022,166,98,5,2,12,6
5/31/2022,160,91,6,1,11,4
6/1/2022,164,105,6,1,14,9
6/2/2022,155,106,4,2,13,9
6/3/2022,148,105,4,2,13,8
6/4/2022,133,105,5,2,14,8
6/5/2022,148,99,6,3,14,6
6/6/2022,145,118,8,1,13,9
6/7/2022,154,116,5, ,9,11
6/8/2022,160,138,10,2,9,12
6/9/2022,149,140,14,2,9,12
6/10/2022,159,129,11,2,10,10
6/11/2022,161,129,13,3,10,10
6/12/2022,149,139,19,2,11,11
6/13/2022,137,148,19,2,11,14
6/14/2022,144,151,18,3,12,13
6/15/2022,126,159,15,2,11,14
6/16/2022,140,161,19,3,13,12
6/17/2022,113,152,19,2,13,11
6/18/2022,102,139,16,2,12,11
6/19/2022,128,149,18,2,12,12
6/20/2022,116,143,18,3,12,11
6/21/2022,136,135,18,2,13,8
6/22/2022,128,135,10,2,13,9
6/23/2022,135,178,9,1,12,7
6/24/2022,120,178,16,1,12,4
6/25/2022,113,75,7,1,10,3
6/26/2022,115,60,7, ,9,2
6/27/2022,91,65,12, ,10,4
6/28/2022,92,59,8, ,9,3
6/29/2022,122,68,9, ,5,4
6/30/2022,146,61,5, ,3,5
1/3/2022,225,55,5, ,3,5
1/4/2022,243,96, ,2,9,8
1/5/2022,257,135, ,2,14,14
1/6/2022,236,139, ,1,15,15
1/7/2022,227,146, , ,14,16
1/8/2022,210,102, , ,12,10
1/9/2022,199,111,8,1,12,12
1/10/2022,195,152,6, ,6,25
1/11/2022,196,17,7, ,19,3
1/12/2022,187,14, , , ,3
1/13/2022,192,20, , , ,2
1/14/2022,173,115,7, ,16,4
1/15/2022,204,270,7, ,21,5
1/16/2022,184,61,6, ,9,3
1/17/2022,202,179,7, ,24,4
1/18/2022,238,54,7, ,18,5
1/19/2022,249,1,7, ,22,6
1/20/2022,241,203,7,3,39,11
1/21/2022,281,14,6, ,21,4
1/22/2022,286,32,6, ,19,5
1/23/2022,290,40,5, ,12,5
1/24/2022,188,76,6, ,21,6
1/25/2022,311,90,6, ,23,11
1/26/2022,229,109,6, ,24,12
1/27/2022,198,58,6, ,22,6
1/28/2022,189,90,6, ,22,6
1/29/2022,229,132,5, ,24,17
1/30/2022,242,88,6, ,22,8
1/31/2022,365,100,6, ,20,8
2/1/2022,235,11,6, ,15,3
2/2/2022,264,51,6,1,18,5
2/3/2022,219,65,5, ,16,12
2/4/2022,179,13,6, ,7,4
2/5/2022,156,61,8, ,11,5
2/6/2022,182,52,5, ,14,4
2/7/2022,178,57,6, ,22,6
2/8/2022,246,147,6,1,13,12
2/9/2022,259,145,6, ,14,12
2/10/2022,260,41,5, ,8,3
2/11/2022,215,74,6, ,12,8
2/12/2022,192,94,6, ,11,11
2/13/2022,204,100,6, ,12,10
2/14/2022,199,79,6, ,17,23
2/15/2022,210,45,8, ,11,5
2/16/2022,206,34,7, ,13,3
2/17/2022,233,41,7, ,13,3
2/18/2022,205,49,6, ,12,3
2/19/2022,200,55,9,2,7,4
2/20/2022,205,72,13,1,8,6
2/21/2022,186,82, ,1,9,9
2/22/2022,179, ,7, ,17,2
2/23/2022,201, ,7, ,28,2
2/24/2022,247, ,7, ,27,2
2/25/2022,159, ,7, ,17,3
2/26/2022,179, ,7, ,10,4
2/27/2022,221, ,7, ,8,4
2/28/2022,202, ,7, ,16,7
3/1/2022,211, ,7, ,17,7
3/2/2022,191, ,6, ,12,4
3/3/2022,209, ,6, ,10,5
3/4/2022,222, ,6, ,13,3
3/5/2022,220, , , , ,4
3/6/2022,209,,,,,
3/7/2022,199,,,,,
3/8/2022,214,,,,,
3/9/2022,200,,,,,
3/10/2022,199,,,,,
3/11/2022,206,,,,,
3/12/2022,199,,,,,
3/13/2022,196,,,,,
3/14/2022,211,,,,,
3/15/2022,227,,,,,
3/16/2022,293,,,,,
3/17/2022,223,,,,,
3/18/2022,210,,,,,
3/19/2022,208,,,,,
3/20/2022,174,,,,,
3/21/2022,213,,,,,
3/22/2022,178,,,,,
3/23/2022,262,,,,,
3/24/2022,164,,,,,
3/25/2022,155,,,,,
3/26/2022,150,,,,,
3/27/2022,172,,,,,
3/28/2022,190,,,,,
3/29/2022,166,,,,,
3/30/2022,170,,,,,
3/31/2022,154,,,,,
10/1/2021,160,,,,,
10/4/2021,147,,,,,
10/5/2021,138,,,,,
10/6/2021,152,,,,,
10/7/2021,175,,,,,
10/8/2021,173,,,,,
10/9/2021,174,,,,,
10/10/2021,167,,,,,
10/11/2021,169,,,,,
10/12/2021,165,,,,,
10/13/2021,158,,,,,
10/14/2021,163,,,,,
10/15/2021,139,,,,,
10/16/2021,121,,,,,
10/17/2021,98,,,,,
10/18/2021,86,,,,,
10/19/2021,109,,,,,
10/20/2021,122,,,,,
10/21/2021,153,,,,,
10/22/2021,175,,,,,
10/23/2021,162,,,,,
10/24/2021,164,,,,,
10/25/2021,175,,,,,
10/26/2021,173,,,,,
10/27/2021,166,,,,,
10/28/2021,168,,,,,
10/29/2021,152,,,,,
10/30/2021,153,,,,,
10/31/2021,167,,,,,
11/1/2021,194,,,,,
11/2/2021,190,,,,,
11/3/2021,178,,,,,
11/4/2021,174,,,,,
11/5/2021,172,,,,,
11/6/2021,171,,,,,
11/7/2021,167,,,,,
11/8/2021,176,,,,,
11/9/2021,203,,,,,
11/10/2021,192,,,,,
11/11/2021,186,,,,,
11/12/2021,176,,,,,
11/13/2021,172,,,,,
11/14/2021,172,,,,,
11/15/2021,186,,,,,
11/16/2021,182,,,,,
11/17/2021,180,,,,,
11/18/2021,175,,,,,
11/19/2021,207,,,,,
11/20/2021,212,,,,,
11/21/2021,226,,,,,
11/22/2021,253,,,,,
11/23/2021,285,,,,,
11/24/2021,196,,,,,
11/25/2021,206,,,,,
11/26/2021,212,,,,,
11/27/2021,217,,,,,
11/28/2021,212,,,,,
11/29/2021,206,,,,,
11/30/2021,175,,,,,
12/1/2021,172,,,,,
12/2/2021,193,,,,,
12/3/2021,193,,,,,
12/4/2021,154,,,,,
12/5/2021,167,,,,,
12/6/2021,92,,,,,
12/7/2021,92,,,,,
12/8/2021,124,,,,,
12/9/2021,175,,,,,
12/10/2021,191,,,,,
12/11/2021,255,,,,,
12/12/2021,227,,,,,
12/13/2021,226,,,,,
12/14/2021,219,,,,,
12/15/2021,227,,,,,
12/16/2021,195,,,,,
12/17/2021,187,,,,,
12/18/2021,188,,,,,
12/19/2021,207,,,,,
12/20/2021,228,,,,,
12/21/2021,260,,,,,
12/22/2021,259,,,,,
12/23/2021,277,,,,,
12/24/2021,287,,,,,
12/25/2021,268,,,,,
12/26/2021,263,,,,,
12/27/2021,253,,,,,
12/28/2021,233,,,,,
12/29/2021,190,,,,,
12/30/2021,227,,,,,
12/31/2021,172,,,,,
1/1/2022,182,,,,,
1/2/2022,231,,,,,
7/1/2021,115,,,,,
7/2/2021,105,,,,,
7/3/2021,94,,,,,
7/4/2021,98,,,,,
7/5/2021,107,,,,,
7/6/2021,101,,,,,
7/7/2021,95,,,,,
7/8/2021,88,,,,,
7/9/2021,107,,,,,
7/10/2021,106,,,,,
7/11/2021,75,,,,,
7/12/2021,99,,,,,
7/13/2021,80,,,,,
7/14/2021,78,,,,,
7/15/2021,71,,,,,
7/16/2021,78,,,,,
7/17/2021,93,,,,,
7/18/2021,79,,,,,
7/19/2021,111,,,,,
7/20/2021,96,,,,,
7/21/2021,56,,,,,
7/22/2021,44,,,,,
7/23/2021,29,,,,,
7/24/2021,26,,,,,
7/25/2021,62,,,,,
7/26/2021,58,,,,,
7/27/2021,43,,,,,
7/28/2021,26,,,,,
7/29/2021,21,,,,,
7/30/2021,33,,,,,
7/31/2021,59,,,,,
8/1/2021,70,,,,,
8/2/2021,83,,,,,
8/3/2021,95,,,,,
8/4/2021,82,,,,,
8/5/2021,114,,,,,
8/6/2021,97,,,,,
8/7/2021,90,,,,,
8/8/2021,91,,,,,
8/9/2021,89,,,,,
8/10/2021,93,,,,,
8/11/2021,122,,,,,
8/12/2021,114,,,,,
8/13/2021,108,,,,,
8/14/2021,95,,,,,
8/15/2021,97,,,,,
8/16/2021,122,,,,,
8/17/2021,100,,,,,
8/18/2021,95,,,,,
8/19/2021,90,,,,,
8/20/2021,81,,,,,
8/21/2021,94,,,,,
8/22/2021,79,,,,,
8/23/2021,85,,,,,
8/24/2021,109,,,,,
8/25/2021,141,,,,,
8/26/2021,129,,,,,
8/27/2021,109,,,,,
8/28/2021,103,,,,,
8/29/2021,87,,,,,
8/30/2021,102,,,,,
8/31/2021,105,,,,,
9/1/2021,91,,,,,
9/2/2021,114,,,,,
9/3/2021,105,,,,,
9/4/2021,145,,,,,
9/5/2021,139,,,,,
9/6/2021,81,,,,,
9/7/2021,74,,,,,
9/8/2021,86,,,,,
9/9/2021,135,,,,,
9/10/2021,115,,,,,
9/11/2021,68,,,,,
9/12/2021,80,,,,,
9/13/2021,59,,,,,
9/14/2021,85,,,,,
9/15/2021,86,,,,,
9/16/2021,92,,,,,
9/17/2021,105,,,,,
9/18/2021,94,,,,,
9/19/2021,59,,,,,
9/20/2021,108,,,,,
9/21/2021,110,,,,,
9/29/2021,68,,,,,
9/30/2021,162,,,,,
4/1/2021,160,,,,,
4/2/2021,172,,,,,
4/3/2021,181,,,,,
4/4/2021,196,,,,,
4/5/2021,178,,,,,
4/6/2021,203,,,,,
4/7/2021,281,,,,,
4/11/2021,173,,,,,
4/12/2021,172,,,,,
4/13/2021,150,,,,,
4/14/2021,132,,,,,
4/15/2021,112,,,,,
4/16/2021,122,,,,,
4/17/2021,109,,,,,
4/18/2021,121,,,,,
4/19/2021,100,,,,,
4/20/2021,96,,,,,
4/21/2021,127,,,,,
4/22/2021,132,,,,,
4/23/2021,152,,,,,
4/24/2021,232,,,,,
4/25/2021,195,,,,,
4/26/2021,138,,,,,
4/27/2021,123,,,,,
4/28/2021,134,,,,,
4/29/2021,180,,,,,
4/30/2021,189,,,,,
5/1/2021,154,,,,,
5/2/2021,179,,,,,
5/3/2021,145,,,,,
5/4/2021,134,,,,,
5/5/2021,193,,,,,
5/6/2021,145,,,,,
5/7/2021,162,,,,,
5/8/2021,112,,,,,
5/9/2021,142,,,,,
5/10/2021,135,,,,,
5/11/2021,117,,,,,
5/12/2021,131,,,,,
5/13/2021,99,,,,,
5/14/2021,114,,,,,
5/15/2021,95,,,,,
5/16/2021,92,,,,,
5/17/2021,85,,,,,
5/18/2021,71,,,,,
5/19/2021,93,,,,,
5/20/2021,61,,,,,
5/21/2021,79,,,,,
5/22/2021,75,,,,,
5/23/2021,119,,,,,
5/24/2021,115,,,,,
5/25/2021,41,,,,,
5/26/2021,89,,,,,
5/27/2021,98,,,,,
5/28/2021,113,,,,,
5/29/2021,134,,,,,
5/30/2021,110,,,,,
5/31/2021,103,,,,,
6/1/2021,134,,,,,
6/2/2021,120,,,,,
6/3/2021,105,,,,,
6/4/2021,105,,,,,
6/5/2021,110,,,,,
6/6/2021,149,,,,,
6/7/2021,137,,,,,
6/8/2021,112,,,,,
6/9/2021,130,,,,,
6/10/2021,131,,,,,
6/11/2021,71,,,,,
6/12/2021,82,,,,,
6/13/2021,67,,,,,
6/14/2021,76,,,,,
6/15/2021,74,,,,,
6/16/2021,79,,,,,
6/17/2021,95,,,,,
6/18/2021,86,,,,,
6/19/2021,112,,,,,
6/20/2021,121,,,,,
6/21/2021,123,,,,,
6/22/2021,123,,,,,
6/23/2021,116,,,,,
6/24/2021,133,,,,,
6/25/2021,114,,,,,
6/26/2021,146,,,,,
6/27/2021,107,,,,,
6/28/2021,72,,,,,
6/29/2021,73,,,,,
6/30/2021,86,,,,,
1/4/2021,244,,,,,
1/5/2021,240,,,,,
1/6/2021,245,,,,,
1/7/2021,277,,,,,
1/8/2021,239,,,,,
1/9/2021,247,,,,,
1/10/2021,308,,,,,
1/11/2021,312,,,,,
1/12/2021,250,,,,,
1/13/2021,212,,,,,
1/14/2021,231,,,,,
1/15/2021,229,,,,,
1/16/2021,301,,,,,
1/17/2021,314,,,,,
1/18/2021,293,,,,,
1/19/2021,365,,,,,
1/20/2021,353,,,,,
1/21/2021,304,,,,,
1/22/2021,268,,,,,
1/23/2021,252,,,,,
1/24/2021,287,,,,,
1/25/2021,255,,,,,
1/26/2021,270,,,,,
1/27/2021,229,,,,,
1/28/2021,251,,,,,
1/29/2021,246,,,,,
1/30/2021,239,,,,,
1/31/2021,258,,,,,
2/1/2021,261,,,,,
2/2/2021,251,,,,,
2/3/2021,233,,,,,
2/4/2021,241,,,,,
2/5/2021,222,,,,,
2/6/2021,214,,,,,
2/7/2021,180,,,,,
2/8/2021,178,,,,,
2/9/2021,184,,,,,
2/10/2021,225,,,,,
2/11/2021,266,,,,,
2/12/2021,309,,,,,
2/13/2021,276,,,,,
2/14/2021,310,,,,,
2/15/2021,314,,,,,
2/16/2021,297,,,,,
2/17/2021,238,,,,,
2/18/2021,256,,,,,
2/19/2021,212,,,,,
2/20/2021,203,,,,,
2/21/2021,200,,,,,
2/22/2021,201,,,,,
2/23/2021,222,,,,,
2/24/2021,296,,,,,
2/25/2021,284,,,,,
2/26/2021,193,,,,,
2/27/2021,186,,,,,
2/28/2021,163,,,,,
3/1/2021,169,,,,,
3/2/2021,177,,,,,
3/3/2021,188,,,,,
3/4/2021,210,,,,,
3/5/2021,181,,,,,
3/6/2021,161,,,,,
3/7/2021,171,,,,,
3/8/2021,201,,,,,
3/9/2021,159,,,,,
3/10/2021,144,,,,,
3/11/2021,175,,,,,
3/12/2021,225,,,,,
3/13/2021,209,,,,,
3/14/2021,172,,,,,
3/15/2021,212,,,,,
3/16/2021,345,,,,,
3/17/2021,213,,,,,
3/18/2021,282,,,,,
3/19/2021,291,,,,,
3/20/2021,269,,,,,
3/21/2021,352,,,,,
3/22/2021,245,,,,,
3/23/2021,197,,,,,
3/24/2021,249,,,,,
3/25/2021,193,,,,,
3/26/2021,213,,,,,
3/27/2021,209,,,,,
3/28/2021,203,,,,,
3/29/2021,219,,,,,
3/30/2021,160,,,,,
3/31/2021,160,,,,,
10/1/2020,149,,,,,
10/2/2020,105,,,,,
10/3/2020,122,,,,,
10/4/2020,116,,,,,
10/5/2020,121,,,,,
10/6/2020,108,,,,,
10/7/2020,117,,,,,
10/8/2020,111,,,,,
10/9/2020,139,,,,,
10/10/2020,151,,,,,
10/11/2020,150,,,,,
10/12/2020,148,,,,,
10/13/2020,167,,,,,
10/14/2020,165,,,,,
10/15/2020,184,,,,,
10/16/2020,143,,,,,
10/17/2020,146,,,,,
10/18/2020,158,,,,,
10/19/2020,131,,,,,
10/20/2020,146,,,,,
10/21/2020,96,,,,,
10/22/2020,52,,,,,
10/23/2020,37,,,,,
10/24/2020,72,,,,,
10/25/2020,88,,,,,
10/26/2020,147,,,,,
10/27/2020,170,,,,,
10/28/2020,141,,,,,
10/29/2020,123,,,,,
10/30/2020,118,,,,,
10/31/2020,110,,,,,
11/1/2020,75,,,,,
11/2/2020,111,,,,,
11/3/2020,114,,,,,
11/4/2020,200,,,,,
11/5/2020,197,,,,,
11/6/2020,190,,,,,
11/7/2020,165,,,,,
11/8/2020,136,,,,,
11/9/2020,112,,,,,
11/10/2020,115,,,,,
11/11/2020,118,,,,,
11/12/2020,136,,,,,
11/13/2020,136,,,,,
11/14/2020,143,,,,,
11/15/2020,162,,,,,
11/16/2020,203,,,,,
11/17/2020,167,,,,,
11/18/2020,207,,,,,
11/19/2020,224,,,,,
11/20/2020,230,,,,,
11/21/2020,218,,,,,
11/22/2020,180,,,,,
11/23/2020,197,,,,,
11/24/2020,193,,,,,
11/25/2020,171,,,,,
11/26/2020,162,,,,,
11/27/2020,176,,,,,
11/28/2020,172,,,,,
11/29/2020,178,,,,,
11/30/2020,185,,,,,
12/1/2020,202,,,,,
12/2/2020,214,,,,,
12/3/2020,231,,,,,
12/4/2020,259,,,,,
12/5/2020,310,,,,,
12/6/2020,253,,,,,
12/7/2020,219,,,,,
12/8/2020,206,,,,,
12/9/2020,231,,,,,
12/10/2020,185,,,,,
12/11/2020,189,,,,,
12/12/2020,217,,,,,
12/13/2020,244,,,,,
12/14/2020,269,,,,,
12/15/2020,226,,,,,
12/16/2020,206,,,,,
12/17/2020,233,,,,,
12/18/2020,207,,,,,
12/19/2020,197,,,,,
12/20/2020,264,,,,,
12/21/2020,264,,,,,
12/22/2020,273,,,,,
12/23/2020,284,,,,,
12/24/2020,236,,,,,
12/25/2020,197,,,,,
12/26/2020,213,,,,,
12/27/2020,226,,,,,
12/28/2020,262,,,,,
12/29/2020,257,,,,,
12/30/2020,223,,,,,
12/31/2020,226,,,,,
1/1/2021,214,,,,,
1/2/2021,199,,,,,
1/3/2021,208,,,,,
7/1/2020,58,,,,,
7/2/2020,75,,,,,
7/3/2020,95,,,,,
7/4/2020,103,,,,,
7/5/2020,75,,,,,
7/6/2020,61,,,,,
7/7/2020,69,,,,,
7/8/2020,122,,,,,
7/9/2020,71,,,,,
7/10/2020,56,,,,,
7/11/2020,59,,,,,
7/12/2020,101,,,,,
7/13/2020,136,,,,,
7/14/2020,96,,,,,
7/15/2020,114,,,,,
7/16/2020,97,,,,,
7/17/2020,93,,,,,
7/18/2020,76,,,,,
7/19/2020,62,,,,,
7/20/2020,79,,,,,
7/21/2020,90,,,,,
7/22/2020,89,,,,,
7/23/2020,109,,,,,
7/24/2020,85,,,,,
7/25/2020,103,,,,,
7/26/2020,93,,,,,
7/27/2020,84,,,,,
7/28/2020,117,,,,,
7/29/2020,111,,,,,
7/30/2020,64,,,,,
7/31/2020,57,,,,,
8/1/2020,68,,,,,
8/2/2020,86,,,,,
8/3/2020,107,,,,,
8/4/2020,103,,,,,
8/5/2020,28,,,,,
8/6/2020,54,,,,,
8/7/2020,74,,,,,
8/8/2020,91,,,,,
8/9/2020,69,,,,,
8/10/2020,88,,,,,
8/11/2020,95,,,,,
8/12/2020,74,,,,,
8/13/2020,101,,,,,
8/14/2020,74,,,,,
8/15/2020,40,,,,,
8/16/2020,57,,,,,
8/17/2020,88,,,,,
8/18/2020,74,,,,,
8/19/2020,52,,,,,
8/20/2020,47,,,,,
8/21/2020,68,,,,,
8/22/2020,117,,,,,
8/23/2020,99,,,,,
8/24/2020,103,,,,,
8/25/2020,33,,,,,
8/26/2020,52,,,,,
8/27/2020,87,,,,,
8/28/2020,110,,,,,
8/29/2020,82,,,,,
8/30/2020,114,,,,,
8/31/2020,118,,,,,
9/1/2020,114,,,,,
9/2/2020,99,,,,,
9/3/2020,94,,,,,
9/4/2020,75,,,,,
9/5/2020,78,,,,,
9/6/2020,68,,,,,
9/7/2020,59,,,,,
9/8/2020,77,,,,,
9/9/2020,141,,,,,
9/10/2020,109,,,,,
9/11/2020,76,,,,,
9/12/2020,82,,,,,
9/13/2020,71,,,,,
9/14/2020,89,,,,,
9/15/2020,106,,,,,
9/16/2020,76,,,,,
9/17/2020,68,,,,,
9/18/2020,93,,,,,
9/19/2020,95,,,,,
9/20/2020,112,,,,,
9/21/2020,49,,,,,
9/22/2020,86,,,,,
9/23/2020,89,,,,,
9/24/2020,75,,,,,
9/25/2020,67,,,,,
9/26/2020,81,,,,,
9/27/2020,123,,,,,
9/28/2020,120,,,,,
9/29/2020,147,,,,,
9/30/2020,142,,,,,
4/1/2020,182,,,,,
4/2/2020,151,,,,,
4/3/2020,156,,,,,
4/4/2020,143,,,,,
4/5/2020,167,,,,,
4/6/2020,171,,,,,
4/7/2020,132,,,,,
4/8/2020,125,,,,,
4/9/2020,138,,,,,
4/10/2020,123,,,,,
4/11/2020,85,,,,,
4/12/2020,95,,,,,
4/13/2020,158,,,,,
4/14/2020,147,,,,,
4/15/2020,96,,,,,
4/16/2020,107,,,,,
4/17/2020,93,,,,,
4/18/2020,98,,,,,
4/19/2020,89,,,,,
4/20/2020,96,,,,,
4/21/2020,133,,,,,
4/22/2020,120,,,,,
4/23/2020,104,,,,,
4/24/2020,110,,,,,
4/25/2020,95,,,,,
4/26/2020,81,,,,,
4/27/2020,104,,,,,
4/28/2020,124,,,,,
4/29/2020,107,,,,,
4/30/2020,106,,,,,
5/1/2020,130,,,,,
5/2/2020,110,,,,,
5/3/2020,95,,,,,
5/4/2020,142,,,,,
5/5/2020,85,,,,,
5/6/2020,90,,,,,
5/7/2020,150,,,,,
5/8/2020,132,,,,,
5/9/2020,147,,,,,
5/10/2020,145,,,,,
5/11/2020,133,,,,,
5/12/2020,139,,,,,
5/13/2020,128,,,,,
5/14/2020,130,,,,,
5/15/2020,109,,,,,
5/16/2020,98,,,,,
5/17/2020,86,,,,,
5/18/2020,99,,,,,
5/19/2020,134,,,,,
5/27/2020,61,,,,,
5/28/2020,74,,,,,
5/29/2020,88,,,,,
5/30/2020,71,,,,,
5/31/2020,89,,,,,
6/1/2020,90,,,,,
6/2/2020,103,,,,,
6/3/2020,86,,,,,
6/4/2020,84,,,,,
6/5/2020,99,,,,,
6/6/2020,90,,,,,
6/7/2020,128,,,,,
6/8/2020,131,,,,,
6/9/2020,143,,,,,
6/10/2020,115,,,,,
6/11/2020,92,,,,,
6/12/2020,73,,,,,
6/13/2020,77,,,,,
6/14/2020,87,,,,,
6/15/2020,97,,,,,
6/16/2020,101,,,,,
6/17/2020,93,,,,,
6/18/2020,75,,,,,
6/19/2020,90,,,,,
6/20/2020,86,,,,,
6/21/2020,78,,,,,
6/22/2020,88,,,,,
6/23/2020,94,,,,,
6/24/2020,79,,,,,
6/25/2020,76,,,,,
6/26/2020,66,,,,,
6/27/2020,51,,,,,
6/28/2020,97,,,,,
6/29/2020,102,,,,,
6/30/2020,78,,,,,
1/1/2020,262,,,,,
1/2/2020,216,,,,,
1/3/2020,126,,,,,
1/4/2020,137,,,,,
1/5/2020,178,,,,,
1/6/2020,192,,,,,
1/7/2020,232,,,,,
1/8/2020,192,,,,,
1/9/2020,221,,,,,
1/10/2020,201,,,,,
1/11/2020,226,,,,,
1/12/2020,251,,,,,
1/13/2020,274,,,,,
1/14/2020,296,,,,,
1/15/2020,310,,,,,
1/16/2020,264,,,,,
1/17/2020,194,,,,,
1/18/2020,230,,,,,
1/19/2020,248,,,,,
1/20/2020,195,,,,,
1/21/2020,217,,,,,
1/22/2020,232,,,,,
1/23/2020,248,,,,,
1/24/2020,259,,,,,
1/25/2020,213,,,,,
1/26/2020,229,,,,,
1/27/2020,265,,,,,
1/28/2020,318,,,,,
1/29/2020,308,,,,,
1/30/2020,319,,,,,
1/31/2020,260,,,,,
2/1/2020,197,,,,,
2/2/2020,181,,,,,
2/3/2020,208,,,,,
2/4/2020,200,,,,,
2/5/2020,197,,,,,
2/6/2020,210,,,,,
2/7/2020,203,,,,,
2/8/2020,208,,,,,
2/9/2020,214,,,,,
2/10/2020,182,,,,,
2/11/2020,191,,,,,
2/12/2020,198,,,,,
2/13/2020,210,,,,,
2/14/2020,305,,,,,
2/15/2020,221,,,,,
2/16/2020,241,,,,,
2/17/2020,251,,,,,
2/18/2020,259,,,,,
2/19/2020,269,,,,,
2/20/2020,316,,,,,
2/21/2020,243,,,,,
2/22/2020,198,,,,,
2/23/2020,225,,,,,
2/24/2020,246,,,,,
2/25/2020,220,,,,,
2/26/2020,181,,,,,
2/27/2020,192,,,,,
2/28/2020,169,,,,,
2/29/2020,196,,,,,
3/1/2020,187,,,,,
3/2/2020,205,,,,,
3/3/2020,228,,,,,
3/4/2020,171,,,,,
3/5/2020,155,,,,,
3/6/2020,167,,,,,
3/7/2020,161,,,,,
3/8/2020,228,,,,,
3/9/2020,164,,,,,
3/10/2020,171,,,,,
3/11/2020,189,,,,,
3/12/2020,194,,,,,
3/13/2020,182,,,,,
3/14/2020,164,,,,,
3/15/2020,143,,,,,
3/16/2020,160,,,,,
3/17/2020,161,,,,,
3/18/2020,167,,,,,
3/19/2020,169,,,,,
3/20/2020,220,,,,,
3/21/2020,205,,,,,
3/22/2020,121,,,,,
3/23/2020,156,,,,,
3/24/2020,200,,,,,
3/25/2020,205,,,,,
3/26/2020,202,,,,,
3/27/2020,168,,,,,
3/28/2020,152,,,,,
3/29/2020,120,,,,,
3/30/2020,121,,,,,
3/31/2020,158,,,,,
10/1/2019,94,,,,,
10/2/2019,101,,,,,
10/3/2019,148,,,,,
10/4/2019,124,,,,,
10/5/2019,124,,,,,
10/6/2019,154,,,,,
10/7/2019,157,,,,,
10/8/2019,118,,,,,
10/9/2019,92,,,,,
10/10/2019,92,,,,,
10/11/2019,81,,,,,
10/12/2019,117,,,,,
10/13/2019,148,,,,,
10/14/2019,154,,,,,
10/15/2019,158,,,,,
10/16/2019,122,,,,,
10/17/2019,119,,,,,
10/18/2019,128,,,,,
10/19/2019,150,,,,,
10/20/2019,159,,,,,
10/21/2019,168,,,,,
10/22/2019,172,,,,,
10/23/2019,177,,,,,
10/24/2019,113,,,,,
10/25/2019,52,,,,,
10/27/2019,135,,,,,
10/28/2019,138,,,,,
10/29/2019,159,,,,,
10/30/2019,163,,,,,
10/31/2019,149,,,,,
11/1/2019,156,,,,,
11/2/2019,144,,,,,
11/3/2019,177,,,,,
11/4/2019,159,,,,,
11/5/2019,157,,,,,
11/6/2019,190,,,,,
11/7/2019,168,,,,,
11/8/2019,133,,,,,
11/9/2019,76,,,,,
11/10/2019,56,,,,,
11/11/2019,97,,,,,
11/12/2019,152,,,,,
11/13/2019,146,,,,,
11/14/2019,138,,,,,
11/15/2019,156,,,,,
11/16/2019,176,,,,,
11/17/2019,189,,,,,
11/18/2019,189,,,,,
11/19/2019,222,,,,,
11/20/2019,185,,,,,
11/21/2019,171,,,,,
11/22/2019,190,,,,,
11/23/2019,183,,,,,
11/24/2019,197,,,,,
11/25/2019,174,,,,,
11/26/2019,163,,,,,
11/27/2019,147,,,,,
11/28/2019,155,,,,,
11/29/2019,175,,,,,
11/30/2019,190,,,,,
12/1/2019,193,,,,,
12/2/2019,185,,,,,
12/3/2019,192,,,,,
12/4/2019,181,,,,,
12/5/2019,156,,,,,
12/6/2019,142,,,,,
12/7/2019,152,,,,,
12/8/2019,173,,,,,
12/9/2019,209,,,,,
12/10/2019,189,,,,,
12/11/2019,204,,,,,
12/12/2019,215,,,,,
12/13/2019,249,,,,,
12/14/2019,202,,,,,
12/15/2019,196,,,,,
12/16/2019,187,,,,,
12/17/2019,186,,,,,
12/18/2019,200,,,,,
12/19/2019,213,,,,,
12/20/2019,215,,,,,
12/21/2019,195,,,,,
12/22/2019,186,,,,,
12/23/2019,197,,,,,
12/24/2019,266,,,,,
12/25/2019,236,,,,,
12/26/2019,321,,,,,
12/27/2019,274,,,,,
12/28/2019,220,,,,,
12/29/2019,221,,,,,
7/1/2019,70,,,,,
7/2/2019,64,,,,,
7/3/2019,61,,,,,
7/4/2019,97,,,,,
7/5/2019,67,,,,,
7/6/2019,61,,,,,
7/7/2019,91,,,,,
7/8/2019,92,,,,,
7/9/2019,87,,,,,
7/10/2019,86,,,,,
7/11/2019,77,,,,,
7/12/2019,72,,,,,
7/13/2019,85,,,,,
7/14/2019,96,,,,,
7/15/2019,108,,,,,
7/16/2019,149,,,,,
7/17/2019,154,,,,,
7/18/2019,157,,,,,
7/19/2019,101,,,,,
7/20/2019,77,,,,,
7/21/2019,75,,,,,
7/22/2019,64,,,,,
7/23/2019,62,,,,,
7/24/2019,63,,,,,
7/25/2019,136,,,,,
7/26/2019,92,,,,,
7/27/2019,50,,,,,
7/28/2019,44,,,,,
7/29/2019,62,,,,,
7/30/2019,98,,,,,
7/31/2019,121,,,,,
8/1/2019,83,,,,,
8/2/2019,87,,,,,
8/3/2019,68,,,,,
8/4/2019,83,,,,,
8/5/2019,79,,,,,
8/6/2019,74,,,,,
8/7/2019,41,,,,,
8/8/2019,56,,,,,
8/9/2019,90,,,,,
8/10/2019,88,,,,,
8/11/2019,93,,,,,
8/12/2019,49,,,,,
8/13/2019,22,,,,,
8/14/2019,49,,,,,
8/15/2019,70,,,,,
8/16/2019,82,,,,,
8/17/2019,68,,,,,
8/18/2019,57,,,,,
8/19/2019,88,,,,,
8/20/2019,69,,,,,
8/21/2019,107,,,,,
8/22/2019,123,,,,,
8/23/2019,93,,,,,
8/24/2019,49,,,,,
8/25/2019,73,,,,,
8/26/2019,99,,,,,
8/27/2019,76,,,,,
8/28/2019,98,,,,,
8/29/2019,85,,,,,
8/30/2019,92,,,,,
8/31/2019,96,,,,,
9/1/2019,111,,,,,
9/2/2019,88,,,,,
9/3/2019,52,,,,,
9/4/2019,58,,,,,
9/5/2019,79,,,,,
9/6/2019,66,,,,,
9/7/2019,62,,,,,
9/8/2019,82,,,,,
9/9/2019,106,,,,,
9/10/2019,103,,,,,
9/11/2019,73,,,,,
9/12/2019,72,,,,,
9/13/2019,121,,,,,
9/14/2019,102,,,,,
9/15/2019,87,,,,,
9/16/2019,94,,,,,
9/17/2019,115,,,,,
9/18/2019,125,,,,,
9/19/2019,159,,,,,
9/20/2019,134,,,,,
9/21/2019,122,,,,,
9/22/2019,122,,,,,
9/23/2019,101,,,,,
9/24/2019,78,,,,,
9/25/2019,65,,,,,
9/26/2019,98,,,,,
9/27/2019,109,,,,,
9/28/2019,107,,,,,
9/29/2019,85,,,,,
9/30/2019,109,,,,,
4/1/2019,107,,,,,
4/2/2019,140,,,,,
4/3/2019,125,,,,,
4/4/2019,205,,,,,
4/5/2019,153,,,,,
4/6/2019,123,,,,,
4/7/2019,133,,,,,
4/8/2019,155,,,,,
4/9/2019,97,,,,,
4/10/2019,112,,,,,
4/11/2019,180,,,,,
4/12/2019,146,,,,,
4/13/2019,164,,,,,
4/14/2019,159,,,,,
4/15/2019,121,,,,,
4/16/2019,128,,,,,
4/17/2019,137,,,,,
4/18/2019,155,,,,,
4/19/2019,196,,,,,
4/20/2019,162,,,,,
4/21/2019,150,,,,,
4/22/2019,121,,,,,
4/23/2019,156,,,,,
4/24/2019,191,,,,,
4/25/2019,171,,,,,
4/26/2019,135,,,,,
4/27/2019,142,,,,,
4/28/2019,118,,,,,
4/29/2019,120,,,,,
4/30/2019,86,,,,,
5/1/2019,146,,,,,
5/2/2019,175,,,,,
5/3/2019,189,,,,,
5/5/2019,109,,,,,
5/6/2019,135,,,,,
5/7/2019,149,,,,,
5/8/2019,146,,,,,
5/9/2019,140,,,,,
5/10/2019,142,,,,,
5/11/2019,129,,,,,
5/13/2019,143,,,,,
5/14/2019,124,,,,,
5/15/2019,131,,,,,
5/16/2019,117,,,,,
5/17/2019,112,,,,,
5/18/2019,146,,,,,
5/19/2019,141,,,,,
5/20/2019,155,,,,,
5/21/2019,159,,,,,
5/22/2019,114,,,,,
5/23/2019,102,,,,,
5/24/2019,92,,,,,
5/25/2019,95,,,,,
5/26/2019,118,,,,,
5/27/2019,108,,,,,
5/28/2019,135,,,,,
5/29/2019,133,,,,,
5/30/2019,105,,,,,
5/31/2019,101,,,,,
6/1/2019,96,,,,,
6/2/2019,96,,,,,
6/3/2019,83,,,,,
6/4/2019,71,,,,,
6/5/2019,37,,,,,
6/6/2019,51,,,,,
6/7/2019,48,,,,,
6/8/2019,55,,,,,
6/9/2019,68,,,,,
6/10/2019,86,,,,,
6/11/2019,98,,,,,
6/12/2019,87,,,,,
6/13/2019,114,,,,,
6/14/2019,99,,,,,
6/15/2019,115,,,,,
6/16/2019,112,,,,,
6/17/2019,95,,,,,
6/18/2019,127,,,,,
6/19/2019,147,,,,,
6/20/2019,116,,,,,
6/21/2019,88,,,,,
6/22/2019,80,,,,,
6/23/2019,87,,,,,
6/24/2019,66,,,,,
6/25/2019,79,,,,,
6/26/2019,56,,,,,
6/27/2019,70,,,,,
6/28/2019,74,,,,,
6/29/2019,100,,,,,
6/30/2019,103,,,,,
1/1/2019,191,,,,,
1/2/2019,210,,,,,
1/3/2019,217,,,,,
1/4/2019,306,,,,,
1/5/2019,244,,,,,
1/6/2019,225,,,,,
1/7/2019,239,,,,,
1/8/2019,218,,,,,
1/9/2019,217,,,,,
1/10/2019,236,,,,,
1/11/2019,254,,,,,
1/12/2019,264,,,,,
1/13/2019,234,,,,,
1/14/2019,222,,,,,
1/15/2019,240,,,,,
1/16/2019,198,,,,,
1/17/2019,245,,,,,
1/18/2019,308,,,,,
1/19/2019,309,,,,,
1/20/2019,289,,,,,
1/21/2019,268,,,,,
1/22/2019,260,,,,,
1/23/2019,300,,,,,
1/24/2019,285,,,,,
1/25/2019,222,,,,,
1/26/2019,229,,,,,
1/27/2019,196,,,,,
1/28/2019,188,,,,,
1/29/2019,192,,,,,
1/30/2019,194,,,,,
1/31/2019,231,,,,,
2/1/2019,291,,,,,
2/2/2019,269,,,,,
2/3/2019,325,,,,,
2/4/2019,280,,,,,
2/5/2019,215,,,,,
2/6/2019,271,,,,,
2/7/2019,289,,,,,
2/8/2019,292,,,,,
2/9/2019,154,,,,,
2/10/2019,187,,,,,
2/11/2019,180,,,,,
2/12/2019,193,,,,,
2/13/2019,207,,,,,
2/14/2019,230,,,,,
2/15/2019,338,,,,,
2/16/2019,287,,,,,
2/17/2019,217,,,,,
2/18/2019,293,,,,,
2/19/2019,267,,,,,
2/20/2019,195,,,,,
2/21/2019,260,,,,,
2/22/2019,236,,,,,
2/23/2019,207,,,,,
2/24/2019,194,,,,,
2/25/2019,180,,,,,
2/26/2019,159,,,,,
2/27/2019,121,,,,,
2/28/2019,118,,,,,
3/1/2019,174,,,,,
3/2/2019,164,,,,,
3/3/2019,199,,,,,
3/4/2019,291,,,,,
3/5/2019,183,,,,,
3/6/2019,186,,,,,
3/7/2019,193,,,,,
3/8/2019,177,,,,,
3/9/2019,240,,,,,
3/10/2019,251,,,,,
3/11/2019,191,,,,,
3/12/2019,160,,,,,
3/13/2019,177,,,,,
3/14/2019,187,,,,,
3/15/2019,201,,,,,
3/16/2019,167,,,,,
3/17/2019,184,,,,,
3/18/2019,160,,,,,
3/19/2019,173,,,,,
3/20/2019,172,,,,,
3/21/2019,161,,,,,
3/22/2019,185,,,,,
3/23/2019,172,,,,,
3/24/2019,248,,,,,
3/25/2019,207,,,,,
3/26/2019,255,,,,,
3/27/2019,183,,,,,
3/28/2019,173,,,,,
3/29/2019,232,,,,,
3/30/2019,161,,,,,
3/31/2019,130,,,,,
11/1/2018,107,,,,,
11/2/2018,176,,,,,
11/3/2018,163,,,,,
11/4/2018,165,,,,,
11/5/2018,150,,,,,
11/6/2018,166,,,,,
11/7/2018,190,,,,,
11/8/2018,179,,,,,
11/9/2018,207,,,,,
11/10/2018,292,,,,,
11/11/2018,224,,,,,
11/12/2018,216,,,,,
11/13/2018,179,,,,,
11/14/2018,234,,,,,
11/15/2018,296,,,,,
11/16/2018,231,,,,,
11/17/2018,205,,,,,
11/18/2018,207,,,,,
11/19/2018,201,,,,,
11/20/2018,241,,,,,
11/21/2018,186,,,,,
11/22/2018,191,,,,,
11/23/2018,212,,,,,
11/24/2018,191,,,,,
11/25/2018,164,,,,,
11/26/2018,191,,,,,
11/27/2018,178,,,,,
11/28/2018,161,,,,,
11/29/2018,197,,,,,
11/30/2018,174,,,,,
12/1/2018,233,,,,,
12/2/2018,177,,,,,
12/3/2018,189,,,,,
12/4/2018,220,,,,,
12/5/2018,194,,,,,
12/6/2018,234,,,,,
12/7/2018,236,,,,,
12/8/2018,247,,,,,
12/9/2018,211,,,,,
12/10/2018,213,,,,,
12/11/2018,227,,,,,
12/12/2018,271,,,,,
12/13/2018,250,,,,,
12/14/2018,204,,,,,
12/15/2018,210,,,,,
12/16/2018,203,,,,,
12/17/2018,207,,,,,
12/18/2018,120,,,,,
12/19/2018,134,,,,,
12/20/2018,190,,,,,
12/21/2018,192,,,,,
12/22/2018,223,,,,,
12/23/2018,239,,,,,
12/24/2018,224,,,,,
12/25/2018,244,,,,,
12/26/2018,251,,,,,
12/27/2018,230,,,,,
12/28/2018,211,,,,,
12/29/2018,203,,,,,
12/30/2018,195,,,,,
7/1/2018,87,,,,,
7/2/2018,79,,,,,
7/3/2018,74,,,,,
7/4/2018,84,,,,,
7/5/2018,111,,,,,
7/6/2018,111,,,,,
7/7/2018,91,,,,,
7/8/2018,67,,,,,
7/9/2018,79,,,,,
7/10/2018,87,,,,,
7/11/2018,98,,,,,
7/12/2018,77,,,,,
7/13/2018,80,,,,,
7/14/2018,64,,,,,
7/15/2018,54,,,,,
7/16/2018,51,,,,,
7/17/2018,85,,,,,
7/18/2018,81,,,,,
7/19/2018,101,,,,,
7/20/2018,108,,,,,
7/21/2018,42,,,,,
7/22/2018,56,,,,,
7/23/2018,96,,,,,
7/24/2018,95,,,,,
7/25/2018,90,,,,,
7/26/2018,83,,,,,
7/27/2018,91,,,,,
7/28/2018,126,,,,,
7/29/2018,128,,,,,
7/30/2018,107,,,,,
7/31/2018,105,,,,,
8/1/2018,65,,,,,
8/2/2018,113,,,,,
8/3/2018,121,,,,,
8/4/2018,129,,,,,
8/5/2018,157,,,,,
8/6/2018,109,,,,,
8/7/2018,81,,,,,
8/8/2018,106,,,,,
8/9/2018,121,,,,,
8/10/2018,129,,,,,
8/11/2018,96,,,,,
8/12/2018,101,,,,,
8/13/2018,72,,,,,
8/14/2018,77,,,,,
8/15/2018,49,,,,,
8/16/2018,80,,,,,
8/17/2018,75,,,,,
4/1/2018,162,,,,,
4/2/2018,155,,,,,
4/3/2018,191,,,,,
4/4/2018,214,,,,,
4/5/2018,211,,,,,
4/6/2018,139,,,,,
4/7/2018,126,,,,,
4/8/2018,141,,,,,
4/9/2018,166,,,,,
4/10/2018,136,,,,,
4/11/2018,162,,,,,
4/12/2018,125,,,,,
4/13/2018,135,,,,,
4/14/2018,95,,,,,
4/15/2018,146,,,,,
4/16/2018,146,,,,,
4/17/2018,140,,,,,
4/18/2018,151,,,,,
4/19/2018,104,,,,,
4/20/2018,136,,,,,
4/21/2018,140,,,,,
4/22/2018,137,,,,,
4/23/2018,147,,,,,
4/24/2018,170,,,,,
4/25/2018,119,,,,,
4/26/2018,128,,,,,
4/27/2018,127,,,,,
4/28/2018,158,,,,,
4/29/2018,102,,,,,
4/30/2018,91,,,,,
5/1/2018,91,,,,,
5/2/2018,108,,,,,
5/3/2018,125,,,,,
5/4/2018,119,,,,,
5/5/2018,111,,,,,
5/6/2018,100,,,,,
5/7/2018,100,,,,,
5/8/2018,105,,,,,
5/9/2018,104,,,,,
5/10/2018,83,,,,,
5/11/2018,82,,,,,
5/12/2018,119,,,,,
5/13/2018,138,,,,,
5/14/2018,113,,,,,
5/15/2018,142,,,,,
5/16/2018,132,,,,,
5/17/2018,131,,,,,
5/18/2018,140,,,,,
5/19/2018,101,,,,,
5/20/2018,111,,,,,
5/21/2018,122,,,,,
5/22/2018,128,,,,,
5/23/2018,110,,,,,
5/24/2018,116,,,,,
5/25/2018,72,,,,,
5/26/2018,96,,,,,
5/27/2018,66,,,,,
5/28/2018,97,,,,,
5/29/2018,92,,,,,
5/30/2018,136,,,,,
5/31/2018,108,,,,,
6/1/2018,92,,,,,
6/2/2018,107,,,,,
6/3/2018,127,,,,,
6/4/2018,128,,,,,
6/5/2018,108,,,,,
6/6/2018,96,,,,,
6/7/2018,98,,,,,
6/8/2018,61,,,,,
6/9/2018,106,,,,,
6/10/2018,65,,,,,
6/11/2018,66,,,,,
6/12/2018,95,,,,,
6/13/2018,94,,,,,
6/14/2018,129,,,,,
6/15/2018,129,,,,,
6/16/2018,75,,,,,
6/18/2018,113,,,,,
6/19/2018,105,,,,,
6/20/2018,114,,,,,
6/21/2018,113,,,,,
6/22/2018,84,,,,,
6/23/2018,105,,,,,
6/24/2018,94,,,,,
6/25/2018,97,,,,,
6/26/2018,88,,,,,
6/27/2018,57,,,,,
6/28/2018,74,,,,,
6/29/2018,99,,,,,
6/30/2018,93,,,,,
1/1/2018,208,,,,,
1/2/2018,222,,,,,
1/3/2018,202,,,,,
1/4/2018,232,,,,,
1/5/2018,279,,,,,
1/8/2018,254,,,,,
1/9/2018,248,,,,,
1/10/2018,268,,,,,
1/11/2018,306,,,,,
1/12/2018,298,,,,,
1/13/2018,303,,,,,
1/14/2018,330,,,,,
1/15/2018,267,,,,,
1/16/2018,263,,,,,
1/17/2018,272,,,,,
1/18/2018,219,,,,,
1/19/2018,216,,,,,
1/20/2018,214,,,,,
1/21/2018,267,,,,,
1/22/2018,272,,,,,
1/23/2018,254,,,,,
1/24/2018,289,,,,,
1/25/2018,248,,,,,
1/26/2018,190,,,,,
1/27/2018,210,,,,,
1/28/2018,232,,,,,
1/29/2018,290,,,,,
1/30/2018,315,,,,,
1/31/2018,263,,,,,
2/1/2018,246,,,,,
2/2/2018,331,,,,,
2/3/2018,331,,,,,
2/4/2018,271,,,,,
2/5/2018,200,,,,,
2/6/2018,278,,,,,
2/7/2018,299,,,,,
2/8/2018,179,,,,,
2/9/2018,193,,,,,
2/10/2018,182,,,,,
2/11/2018,179,,,,,
2/12/2018,206,,,,,
2/13/2018,193,,,,,
2/14/2018,178,,,,,
2/15/2018,191,,,,,
2/16/2018,193,,,,,
2/17/2018,217,,,,,
2/18/2018,266,,,,,
2/19/2018,222,,,,,
2/20/2018,259,,,,,
2/21/2018,226,,,,,
2/22/2018,224,,,,,
2/23/2018,218,,,,,
2/24/2018,186,,,,,
2/25/2018,212,,,,,
2/26/2018,156,,,,,
2/27/2018,178,,,,,
2/28/2018,174,,,,,
3/1/2018,191,,,,,
3/2/2018,222,,,,,
3/3/2018,166,,,,,
3/4/2018,164,,,,,
3/5/2018,157,,,,,
3/6/2018,184,,,,,
3/7/2018,177,,,,,
3/8/2018,176,,,,,
3/9/2018,194,,,,,
3/10/2018,221,,,,,
3/11/2018,269,,,,,
3/12/2018,215,,,,,
3/13/2018,152,,,,,
3/14/2018,191,,,,,
3/15/2018,162,,,,,
3/16/2018,145,,,,,
3/17/2018,170,,,,,
3/18/2018,190,,,,,
3/19/2018,200,,,,,
3/20/2018,179,,,,,
3/21/2018,219,,,,,
3/22/2018,217,,,,,
3/23/2018,196,,,,,
3/24/2018,159,,,,,
3/25/2018,191,,,,,
3/26/2018,171,,,,,
3/27/2018,166,,,,,
3/28/2018,170,,,,,
3/29/2018,151,,,,,
3/30/2018,131,,,,,
3/31/2018,122,,,,,
10/1/2017,120,,,,,
10/2/2017,104,,,,,
10/3/2017,147,,,,,
10/4/2017,115,,,,,
10/5/2017,116,,,,,
10/6/2017,137,,,,,
10/7/2017,69,,,,,
10/8/2017,49,,,,,
10/9/2017,52,,,,,
10/10/2017,86,,,,,
10/11/2017,117,,,,,
10/12/2017,126,,,,,
10/13/2017,73,,,,,
10/14/2017,64,,,,,
10/15/2017,137,,,,,
10/16/2017,169,,,,,
10/17/2017,164,,,,,
10/18/2017,108,,,,,
10/19/2017,74,,,,,
10/20/2017,53,,,,,
10/21/2017,42,,,,,
10/22/2017,79,,,,,
10/23/2017,133,,,,,
10/24/2017,154,,,,,
10/25/2017,173,,,,,
10/26/2017,153,,,,,
10/27/2017,169,,,,,
10/28/2017,163,,,,,
10/29/2017,164,,,,,
10/30/2017,136,,,,,
11/13/2017,140,,,,,
11/14/2017,131,,,,,
11/15/2017,131,,,,,
11/16/2017,84,,,,,
11/17/2017,87,,,,,
11/18/2017,120,,,,,
11/19/2017,150,,,,,
11/20/2017,185,,,,,
11/21/2017,206,,,,,
11/22/2017,183,,,,,
11/23/2017,229,,,,,
11/24/2017,205,,,,,
11/25/2017,205,,,,,
11/26/2017,205,,,,,
11/27/2017,191,,,,,
11/28/2017,297,,,,,
11/29/2017,284,,,,,
11/30/2017,209,,,,,
12/1/2017,192,,,,,
12/2/2017,202,,,,,
12/3/2017,167,,,,,
12/4/2017,182,,,,,
12/5/2017,195,,,,,
12/6/2017,185,,,,,
12/7/2017,183,,,,,
12/8/2017,178,,,,,
12/19/2017,203,,,,,
12/20/2017,210,,,,,
12/21/2017,210,,,,,
12/22/2017,206,,,,,
12/23/2017,215,,,,,
12/24/2017,238,,,,,
12/25/2017,213,,,,,
12/26/2017,217,,,,,
12/27/2017,230,,,,,
12/28/2017,233,,,,,
12/29/2017,224,,,,,
12/30/2017,190,,,,,
7/1/2017,54,,,,,
7/2/2017,58,,,,,
7/3/2017,90,,,,,
7/4/2017,104,,,,,
7/5/2017,81,,,,,
7/6/2017,87,,,,,
7/7/2017,96,,,,,
7/8/2017,99,,,,,
7/9/2017,82,,,,,
7/10/2017,93,,,,,
7/11/2017,97,,,,,
7/12/2017,90,,,,,
7/13/2017,82,,,,,
7/14/2017,74,,,,,
7/15/2017,86,,,,,
7/16/2017,88,,,,,
7/17/2017,80,,,,,
7/18/2017,78,,,,,
7/19/2017,50,,,,,
7/20/2017,71,,,,,
7/21/2017,59,,,,,
7/22/2017,60,,,,,
7/23/2017,65,,,,,
7/24/2017,66,,,,,
7/25/2017,94,,,,,
7/26/2017,88,,,,,
7/27/2017,99,,,,,
7/28/2017,117,,,,,
7/29/2017,115,,,,,
7/30/2017,135,,,,,
7/31/2017,118,,,,,
8/1/2017,105,,,,,
8/2/2017,119,,,,,
8/3/2017,129,,,,,
8/4/2017,101,,,,,
8/5/2017,73,,,,,
8/6/2017,101,,,,,
8/7/2017,84,,,,,
8/8/2017,104,,,,,
8/9/2017,90,,,,,
8/10/2017,76,,,,,
8/11/2017,96,,,,,
8/12/2017,84,,,,,
8/13/2017,98,,,,,
8/14/2017,125,,,,,
8/15/2017,106,,,,,
8/16/2017,143,,,,,
8/17/2017,117,,,,,
8/18/2017,80,,,,,
8/19/2017,68,,,,,
8/20/2017,84,,,,,
8/21/2017,113,,,,,
8/22/2017,101,,,,,
8/23/2017,76,,,,,
8/24/2017,76,,,,,
8/25/2017,84,,,,,
8/26/2017,73,,,,,
8/27/2017,63,,,,,
8/28/2017,73,,,,,
8/29/2017,83,,,,,
8/30/2017,75,,,,,
8/31/2017,84,,,,,
9/1/2017,61,,,,,
9/2/2017,69,,,,,
9/3/2017,77,,,,,
9/4/2017,85,,,,,
9/5/2017,117,,,,,
9/6/2017,150,,,,,
9/11/2017,116,,,,,
9/12/2017,99,,,,,
9/13/2017,117,,,,,
9/14/2017,98,,,,,
9/15/2017,130,,,,,
9/16/2017,122,,,,,
9/17/2017,115,,,,,
9/18/2017,58,,,,,
9/19/2017,56,,,,,
9/20/2017,73,,,,,
9/21/2017,84,,,,,
9/22/2017,83,,,,,
9/24/2017,135,,,,,
9/25/2017,151,,,,,
9/26/2017,164,,,,,
9/27/2017,159,,,,,
9/28/2017,89,,,,,
9/29/2017,55,,,,,
9/30/2017,104,,,,,
4/1/2017,98,,,,,
4/2/2017,122,,,,,
4/3/2017,108,,,,,
4/4/2017,105,,,,,
4/5/2017,116,,,,,
4/6/2017,137,,,,,
4/7/2017,142,,,,,
4/8/2017,141,,,,,
4/9/2017,157,,,,,
4/10/2017,149,,,,,
4/11/2017,159,,,,,
4/12/2017,164,,,,,
4/13/2017,198,,,,,
4/14/2017,220,,,,,
4/15/2017,149,,,,,
4/16/2017,98,,,,,
4/17/2017,159,,,,,
4/18/2017,141,,,,,
4/19/2017,102,,,,,
4/20/2017,114,,,,,
4/21/2017,116,,,,,
4/22/2017,95,,,,,
4/23/2017,135,,,,,
4/24/2017,112,,,,,
4/25/2017,145,,,,,
4/26/2017,150,,,,,
4/27/2017,147,,,,,
4/28/2017,152,,,,,
4/29/2017,117,,,,,
4/30/2017,151,,,,,
5/1/2017,108,,,,,
5/2/2017,113,,,,,
5/3/2017,167,,,,,
5/4/2017,140,,,,,
5/5/2017,140,,,,,
5/6/2017,112,,,,,
5/7/2017,99,,,,,
5/8/2017,123,,,,,
5/9/2017,107,,,,,
5/10/2017,159,,,,,
5/11/2017,111,,,,,
5/12/2017,142,,,,,
5/13/2017,143,,,,,
5/14/2017,125,,,,,
5/15/2017,92,,,,,
5/16/2017,100,,,,,
5/17/2017,125,,,,,
5/18/2017,100,,,,,
5/19/2017,132,,,,,
5/20/2017,142,,,,,
5/21/2017,124,,,,,
5/22/2017,129,,,,,
5/23/2017,130,,,,,
5/24/2017,127,,,,,
5/25/2017,107,,,,,
5/26/2017,98,,,,,
5/27/2017,128,,,,,
5/28/2017,156,,,,,
5/29/2017,131,,,,,
5/30/2017,70,,,,,
5/31/2017,139,,,,,
6/1/2017,96,,,,,
6/2/2017,91,,,,,
6/3/2017,99,,,,,
6/4/2017,105,,,,,
6/5/2017,115,,,,,
6/6/2017,139,,,,,
6/7/2017,139,,,,,
6/8/2017,147,,,,,
6/9/2017,126,,,,,
6/10/2017,106,,,,,
6/11/2017,55,,,,,
6/12/2017,32,,,,,
6/13/2017,95,,,,,
6/14/2017,99,,,,,
6/15/2017,81,,,,,
6/16/2017,63,,,,,
6/17/2017,101,,,,,
6/18/2017,104,,,,,
6/19/2017,116,,,,,
6/20/2017,125,,,,,
6/21/2017,117,,,,,
6/22/2017,102,,,,,
6/23/2017,86,,,,,
6/24/2017,73,,,,,
6/25/2017,42,,,,,
6/26/2017,36,,,,,
6/27/2017,35,,,,,
6/28/2017,44,,,,,
6/29/2017,50,,,,,
6/30/2017,59,,,,,
1/2/2017,264,,,,,
1/3/2017,242,,,,,
1/4/2017,191,,,,,
1/5/2017,257,,,,,
1/6/2017,277,,,,,
1/8/2017,210,,,,,
1/9/2017,259,,,,,
1/10/2017,242,,,,,
1/11/2017,228,,,,,
1/12/2017,204,,,,,
1/13/2017,186,,,,,
1/14/2017,197,,,,,
1/15/2017,231,,,,,
1/16/2017,225,,,,,
1/17/2017,305,,,,,
1/18/2017,336,,,,,
1/19/2017,240,,,,,
1/20/2017,257,,,,,
1/21/2017,242,,,,,
1/22/2017,265,,,,,
1/23/2017,263,,,,,
1/24/2017,262,,,,,
1/25/2017,306,,,,,
1/26/2017,282,,,,,
1/27/2017,320,,,,,
1/28/2017,243,,,,,
1/29/2017,176,,,,,
1/30/2017,189,,,,,
1/31/2017,232,,,,,
2/1/2017,256,,,,,
2/2/2017,229,,,,,
2/3/2017,282,,,,,
2/4/2017,228,,,,,
2/5/2017,186,,,,,
2/6/2017,219,,,,,
2/7/2017,188,,,,,
2/8/2017,201,,,,,
2/9/2017,208,,,,,
2/10/2017,294,,,,,
2/11/2017,234,,,,,
2/12/2017,187,,,,,
2/13/2017,225,,,,,
2/14/2017,271,,,,,
2/15/2017,244,,,,,
2/16/2017,231,,,,,
2/17/2017,240,,,,,
2/18/2017,264,,,,,
2/19/2017,313,,,,,
2/20/2017,223,,,,,
2/21/2017,170,,,,,
2/22/2017,163,,,,,
2/23/2017,94,,,,,
2/24/2017,15,,,,,
2/25/2017,13,,,,,
2/27/2017,200,,,,,
2/28/2017,239,,,,,
3/1/2017,239,,,,,
3/2/2017,235,,,,,
3/3/2017,175,,,,,
3/4/2017,163,,,,,
3/5/2017,139,,,,,
3/6/2017,151,,,,,
3/7/2017,182,,,,,
3/8/2017,175,,,,,
3/9/2017,151,,,,,
3/10/2017,156,,,,,
3/11/2017,123,,,,,
3/12/2017,167,,,,,
3/13/2017,163,,,,,
3/14/2017,160,,,,,
3/15/2017,186,,,,,
3/16/2017,208,,,,,
3/17/2017,237,,,,,
3/18/2017,154,,,,,
3/19/2017,177,,,,,
3/20/2017,141,,,,,
3/21/2017,172,,,,,
3/22/2017,180,,,,,
3/23/2017,188,,,,,
3/24/2017,190,,,,,
3/25/2017,129,,,,,
3/26/2017,153,,,,,
3/27/2017,163,,,,,
3/28/2017,141,,,,,
3/29/2017,132,,,,,
3/30/2017,94,,,,,
3/31/2017,121,,,,,
10/1/2016,117,,,,,
10/2/2016,136,,,,,
10/3/2016,139,,,,,
10/4/2016,159,,,,,
10/5/2016,111,,,,,
10/6/2016,142,,,,,
10/7/2016,107,,,,,
10/8/2016,103,,,,,
10/9/2016,104,,,,,
10/10/2016,101,,,,,
10/11/2016,78,,,,,
10/12/2016,104,,,,,
10/13/2016,163,,,,,
10/14/2016,115,,,,,
10/15/2016,144,,,,,
10/16/2016,144,,,,,
10/17/2016,155,,,,,
10/18/2016,159,,,,,
10/19/2016,162,,,,,
10/20/2016,138,,,,,
10/21/2016,150,,,,,
10/22/2016,165,,,,,
10/23/2016,159,,,,,
10/24/2016,160,,,,,
10/25/2016,163,,,,,
10/26/2016,158,,,,,
10/27/2016,121,,,,,
10/28/2016,112,,,,,
10/29/2016,115,,,,,
10/30/2016,113,,,,,
10/31/2016,133,,,,,
11/1/2016,135,,,,,
11/2/2016,131,,,,,
11/3/2016,133,,,,,
11/4/2016,136,,,,,
11/5/2016,89,,,,,
11/6/2016,48,,,,,
11/7/2016,106,,,,,
11/8/2016,167,,,,,
11/9/2016,149,,,,,
11/10/2016,167,,,,,
11/11/2016,241,,,,,
11/12/2016,202,,,,,
11/13/2016,203,,,,,
11/14/2016,200,,,,,
11/15/2016,209,,,,,
11/16/2016,188,,,,,
11/17/2016,178,,,,,
11/18/2016,189,,,,,
11/19/2016,193,,,,,
11/20/2016,177,,,,,
11/21/2016,171,,,,,
11/22/2016,188,,,,,
11/23/2016,196,,,,,
11/24/2016,183,,,,,
11/25/2016,232,,,,,
11/26/2016,181,,,,,
11/27/2016,180,,,,,
11/28/2016,195,,,,,
11/29/2016,182,,,,,
11/30/2016,161,,,,,
12/1/2016,169,,,,,
12/2/2016,177,,,,,
12/3/2016,206,,,,,
12/4/2016,167,,,,,
12/5/2016,188,,,,,
12/6/2016,191,,,,,
12/7/2016,192,,,,,
12/8/2016,175,,,,,
12/9/2016,199,,,,,
12/10/2016,199,,,,,
12/11/2016,202,,,,,
12/12/2016,196,,,,,
12/13/2016,207,,,,,
12/14/2016,230,,,,,
12/15/2016,235,,,,,
12/16/2016,226,,,,,
12/17/2016,245,,,,,
12/18/2016,247,,,,,
12/19/2016,239,,,,,
12/20/2016,223,,,,,
12/21/2016,267,,,,,
12/22/2016,278,,,,,
12/23/2016,294,,,,,
12/24/2016,336,,,,,
12/25/2016,252,,,,,
12/26/2016,268,,,,,
12/27/2016,218,,,,,
12/28/2016,205,,,,,
12/29/2016,211,,,,,
12/30/2016,228,,,,,
12/31/2016,249,,,,,
1/1/2017,285,,,,,
7/1/2016,79,,,,,
7/2/2016,72,,,,,
7/3/2016,78,,,,,
7/4/2016,74,,,,,
7/5/2016,67,,,,,
7/6/2016,64,,,,,
7/7/2016,69,,,,,
7/8/2016,59,,,,,
7/9/2016,50,,,,,
7/10/2016,66,,,,,
7/11/2016,64,,,,,
7/12/2016,75,,,,,
7/13/2016,81,,,,,
7/14/2016,89,,,,,
7/15/2016,84,,,,,
7/16/2016,95,,,,,
7/17/2016,85,,,,,
7/18/2016,92,,,,,
7/19/2016,100,,,,,
7/20/2016,109,,,,,
7/21/2016,110,,,,,
7/22/2016,90,,,,,
7/23/2016,88,,,,,
7/24/2016,104,,,,,
7/25/2016,84,,,,,
7/26/2016,80,,,,,
7/27/2016,90,,,,,
7/28/2016,94,,,,,
7/29/2016,152,,,,,
7/30/2016,123,,,,,
7/31/2016,96,,,,,
8/1/2016,94,,,,,
8/2/2016,63,,,,,
8/3/2016,87,,,,,
8/4/2016,65,,,,,
8/5/2016,64,,,,,
8/6/2016,69,,,,,
8/7/2016,70,,,,,
8/8/2016,76,,,,,
8/9/2016,66,,,,,
8/10/2016,56,,,,,
8/11/2016,87,,,,,
8/12/2016,96,,,,,
8/13/2016,115,,,,,
8/14/2016,122,,,,,
8/15/2016,109,,,,,
8/16/2016,73,,,,,
8/17/2016,56,,,,,
8/18/2016,102,,,,,
8/19/2016,120,,,,,
8/20/2016,136,,,,,
8/21/2016,112,,,,,
8/22/2016,105,,,,,
8/23/2016,158,,,,,
8/24/2016,156,,,,,
8/25/2016,153,,,,,
8/26/2016,90,,,,,
8/27/2016,101,,,,,
8/28/2016,115,,,,,
8/29/2016,114,,,,,
8/30/2016,88,,,,,
8/31/2016,75,,,,,
9/1/2016,100,,,,,
9/2/2016,107,,,,,
9/3/2016,93,,,,,
9/4/2016,87,,,,,
9/5/2016,76,,,,,
9/6/2016,85,,,,,
9/7/2016,103,,,,,
9/8/2016,126,,,,,
9/9/2016,128,,,,,
9/10/2016,130,,,,,
9/11/2016,114,,,,,
9/12/2016,116,,,,,
9/13/2016,82,,,,,
9/14/2016,90,,,,,
9/15/2016,89,,,,,
9/16/2016,84,,,,,
9/17/2016,74,,,,,
9/18/2016,87,,,,,
9/19/2016,90,,,,,
9/20/2016,92,,,,,
9/21/2016,94,,,,,
9/22/2016,99,,,,,
9/23/2016,92,,,,,
9/24/2016,79,,,,,
9/25/2016,93,,,,,
9/26/2016,104,,,,,
9/27/2016,133,,,,,
9/28/2016,157,,,,,
9/29/2016,122,,,,,
9/30/2016,109,,,,,
4/1/2016,128,,,,,
4/2/2016,145,,,,,
4/3/2016,143,,,,,
4/4/2016,121,,,,,
4/5/2016,118,,,,,
4/6/2016,144,,,,,
4/7/2016,144,,,,,
4/8/2016,144,,,,,
4/9/2016,135,,,,,
4/10/2016,135,,,,,
4/11/2016,136,,,,,
4/12/2016,146,,,,,
4/13/2016,149,,,,,
4/14/2016,118,,,,,
4/15/2016,128,,,,,
4/16/2016,116,,,,,
4/17/2016,111,,,,,
4/18/2016,120,,,,,
4/19/2016,114,,,,,
4/20/2016,131,,,,,
4/21/2016,112,,,,,
4/22/2016,127,,,,,
4/23/2016,122,,,,,
4/24/2016,128,,,,,
4/25/2016,121,,,,,
4/26/2016,115,,,,,
4/27/2016,116,,,,,
4/28/2016,122,,,,,
4/29/2016,136,,,,,
4/30/2016,126,,,,,
5/1/2016,122,,,,,
5/2/2016,127,,,,,
5/3/2016,138,,,,,
5/4/2016,113,,,,,
5/5/2016,145,,,,,
5/6/2016,147,,,,,
5/7/2016,134,,,,,
5/8/2016,124,,,,,
5/9/2016,164,,,,,
5/10/2016,166,,,,,
5/11/2016,158,,,,,
5/12/2016,148,,,,,
5/13/2016,103,,,,,
5/14/2016,118,,,,,
5/15/2016,109,,,,,
5/16/2016,96,,,,,
5/17/2016,79,,,,,
5/18/2016,93,,,,,
5/19/2016,81,,,,,
5/20/2016,72,,,,,
5/21/2016,54,,,,,
5/22/2016,133,,,,,
5/23/2016,115,,,,,
5/24/2016,134,,,,,
5/25/2016,131,,,,,
5/26/2016,139,,,,,
5/27/2016,134,,,,,
5/28/2016,112,,,,,
5/29/2016,125,,,,,
5/30/2016,147,,,,,
5/31/2016,142,,,,,
6/1/2016,140,,,,,
6/2/2016,155,,,,,
6/3/2016,128,,,,,
6/4/2016,119,,,,,
6/5/2016,120,,,,,
6/6/2016,117,,,,,
6/7/2016,125,,,,,
6/8/2016,92,,,,,
6/9/2016,85,,,,,
6/10/2016,92,,,,,
6/11/2016,137,,,,,
6/12/2016,115,,,,,
6/13/2016,116,,,,,
6/14/2016,129,,,,,
6/15/2016,122,,,,,
6/16/2016,133,,,,,
6/17/2016,101,,,,,
6/18/2016,89,,,,,
6/19/2016,101,,,,,
6/20/2016,72,,,,,
6/21/2016,73,,,,,
6/22/2016,73,,,,,
6/23/2016,87,,,,,
6/24/2016,77,,,,,
6/25/2016,94,,,,,
6/26/2016,118,,,,,
6/27/2016,77,,,,,
6/28/2016,73,,,,,
6/29/2016,96,,,,,
6/30/2016,93,,,,,
3/8/2016,176,,,,,
3/9/2016,179,,,,,
3/10/2016,181,,,,,
3/11/2016,174,,,,,
3/12/2016,178,,,,,
3/13/2016,170,,,,,
3/14/2016,176,,,,,
3/15/2016,198,,,,,
3/16/2016,205,,,,,
3/17/2016,191,,,,,
3/18/2016,196,,,,,
3/19/2016,152,,,,,
3/20/2016,167,,,,,
3/21/2016,155,,,,,
3/22/2016,157,,,,,
3/23/2016,165,,,,,
3/24/2016,181,,,,,
3/25/2016,195,,,,,
3/26/2016,237,,,,,
3/27/2016,160,,,,,
3/28/2016,122,,,,,
3/29/2016,146,,,,,
3/30/2016,157,,,,,
3/31/2016,146,,,,,
